{
  "overall": {
    "encoder_r2": 0.8568104485049843,
    "diffusion_r2": 0.8606387038249522,
    "selector_r2": 0.8606387038249522,
    "baseline_r2": -0.340379472495988,
    "encoder_loss": 2.6403001532831696,
    "diffusion_loss": 2.7153112778411015,
    "selector_loss": 0.0,
    "baseline_loss": 33.76096902731806,
    "diffusion_r2_mean_k": 0.860247699037427,
    "diffusion_r2_best_k": 0.8942052849568427,
    "prediction_disagreement": 1.1634622544981539,
    "weight_pairwise_l2": 2.3699390451423823,
    "latent_pairwise_l2": 4.90218005515635,
    "uncertainty_error_correlation": 0.3486320557771251,
    "uncertainty_mean": 0.11351248491555452,
    "uncertainty_on_high_error_points": 0.19658422991633415,
    "uncertainty_on_low_error_points": 0.0665093433111906
  },
  "macro_average": {
    "encoder_r2": 0.8556179607580461,
    "diffusion_r2": 0.8594744088983381,
    "selector_r2": 0.8594744088983381,
    "baseline_r2": -0.353642962793058,
    "encoder_loss": 2.664609669426997,
    "diffusion_loss": 2.7400726984864385,
    "selector_loss": 0.0,
    "baseline_loss": 34.133257819087355,
    "diffusion_r2_mean_k": 0.8590730464455443,
    "diffusion_r2_best_k": 0.8932324984106073,
    "prediction_disagreement": 1.163456173058989,
    "weight_pairwise_l2": 2.3701924893002024,
    "latent_pairwise_l2": 4.902287618260528,
    "uncertainty_error_correlation": 0.34866182093800135,
    "uncertainty_mean": 0.1135259375652665,
    "uncertainty_on_high_error_points": 0.1966141532190514,
    "uncertainty_on_low_error_points": 0.06651072751228604
  },
  "by_family": {
    "bandit_linear": {
      "encoder_r2": 0.9404170894292176,
      "diffusion_r2": 0.9422687147909027,
      "selector_r2": 0.9422687147909027,
      "baseline_r2": 0.5895385694430312,
      "encoder_loss": 0.9359329658659471,
      "diffusion_loss": 0.9792605637069016,
      "selector_loss": 0.0,
      "baseline_loss": 7.659388182159565,
      "diffusion_r2_mean_k": 0.9426038974238838,
      "diffusion_r2_best_k": 0.9624084305873454,
      "prediction_disagreement": 1.1638886309551715,
      "weight_pairwise_l2": 2.3521697936329895,
      "latent_pairwise_l2": 4.8946386864078795,
      "uncertainty_error_correlation": 0.3465451872756903,
      "uncertainty_mean": 0.11256930469685968,
      "uncertainty_on_high_error_points": 0.19448627391471335,
      "uncertainty_on_low_error_points": 0.06641229543438862
    },
    "bandit_quadratic": {
      "encoder_r2": 0.7708188320868744,
      "diffusion_r2": 0.7766801030057735,
      "selector_r2": 0.7766801030057735,
      "baseline_r2": -1.2968244950291472,
      "encoder_loss": 4.3932863729880465,
      "diffusion_loss": 4.500884833265975,
      "selector_loss": 0.0,
      "baseline_loss": 60.60712745601515,
      "diffusion_r2_mean_k": 0.7755421954672046,
      "diffusion_r2_best_k": 0.8240565662338692,
      "prediction_disagreement": 1.1630237151628062,
      "weight_pairwise_l2": 2.388215184967416,
      "latent_pairwise_l2": 4.909936550113176,
      "uncertainty_error_correlation": 0.3507784546003124,
      "uncertainty_mean": 0.11448257043367331,
      "uncertainty_on_high_error_points": 0.19874203252338948,
      "uncertainty_on_low_error_points": 0.06660915959018346
    }
  },
  "diagnostics": {
    "sample_count": 8,
    "mismatch": {
      "encoder_r2": -3.2026703915596006,
      "diffusion_r2": -2.8848665337562562,
      "num_mismatch_episodes": 250.0
    },
    "support_size_sweep": {
      "2": {
        "encoder_r2": -0.7838558573275805,
        "diffusion_r2_mean": -0.6702002500242088
      },
      "4": {
        "encoder_r2": 0.2630252994131297,
        "diffusion_r2_mean": 0.2970629135670606
      },
      "8": {
        "encoder_r2": 0.7381274993531406,
        "diffusion_r2_mean": 0.7488182150555076
      },
      "16": {
        "encoder_r2": 0.842275972594507,
        "diffusion_r2_mean": 0.8444897529843729
      }
    }
  },
  "baseline_comparison": {
    "deterministic_encoder": {
      "r2": 0.8568104485049843,
      "loss": 2.6403001532831696
    },
    "diffusion_sampler": {
      "r2": 0.8606387038249522,
      "loss": 2.7153112778411015
    },
    "selector": {
      "r2": 0.8606387038249522,
      "loss": 0.0
    },
    "static_baseline": {
      "r2": -0.340379472495988,
      "loss": 33.76096902731806
    }
  },
  "train_group_evals": {
    "core": {
      "families": [
        "bandit_linear",
        "bandit_quadratic"
      ],
      "summary": {
        "overall": {
          "encoder_r2": 0.8484839629381895,
          "diffusion_r2": 0.8520999064203352,
          "selector_r2": 0.8520999064203352,
          "baseline_r2": -0.4089563162066042,
          "encoder_loss": 2.55576993872819,
          "diffusion_loss": 2.638660464657005,
          "selector_loss": 0.0,
          "baseline_loss": 35.60178568847478,
          "diffusion_r2_mean_k": 0.852990380040137,
          "diffusion_r2_best_k": 0.8897733513265849,
          "prediction_disagreement": 1.1630873951129614,
          "weight_pairwise_l2": 2.3746539670042695,
          "latent_pairwise_l2": 4.906891149282456,
          "uncertainty_error_correlation": 0.3323828524444252,
          "uncertainty_mean": 0.11844116467982531,
          "uncertainty_on_high_error_points": 0.20823023989796638,
          "uncertainty_on_low_error_points": 0.06919014351442457
        },
        "macro_average": {
          "encoder_r2": 0.8461513784008172,
          "diffusion_r2": 0.8498457131593282,
          "selector_r2": 0.8498457131593282,
          "baseline_r2": -0.4327899505192997,
          "encoder_loss": 2.5962012163100123,
          "diffusion_loss": 2.6795241781914507,
          "selector_loss": 0.0,
          "baseline_loss": 36.26570242283217,
          "diffusion_r2_mean_k": 0.8507330560408021,
          "diffusion_r2_best_k": 0.887942572912551,
          "prediction_disagreement": 1.1630960141560505,
          "weight_pairwise_l2": 2.3750416140119537,
          "latent_pairwise_l2": 4.907072868449087,
          "uncertainty_error_correlation": 0.33231259440049415,
          "uncertainty_mean": 0.11846188736180313,
          "uncertainty_on_high_error_points": 0.2082787364721298,
          "uncertainty_on_low_error_points": 0.06919870748701895
        },
        "by_family": {
          "bandit_quadratic": {
            "encoder_r2": 0.7466277714729309,
            "diffusion_r2": 0.7536668006896973,
            "selector_r2": 0.7536668006896973,
            "baseline_r2": -1.4496916811943055,
            "encoder_loss": 4.321269059801102,
            "diffusion_loss": 4.423042622327805,
            "selector_loss": 0.0,
            "baseline_loss": 64.592816422081,
            "diffusion_r2_mean_k": 0.7544205654025078,
            "diffusion_r2_best_k": 0.8098293605804443,
            "prediction_disagreement": 1.1634637599945068,
            "weight_pairwise_l2": 2.391581219673157,
            "latent_pairwise_l2": 4.914826219558716,
            "uncertainty_error_correlation": 0.32931491785943506,
            "uncertainty_mean": 0.11934605512619019,
            "uncertainty_on_high_error_points": 0.21034792363643645,
            "uncertainty_on_low_error_points": 0.06956410365104675
          },
          "bandit_linear": {
            "encoder_r2": 0.9456749853287034,
            "diffusion_r2": 0.9460246256289592,
            "selector_r2": 0.9460246256289592,
            "baseline_r2": 0.5841117801557061,
            "encoder_loss": 0.8711333728189232,
            "diffusion_loss": 0.9360057340550969,
            "selector_loss": 0.0,
            "baseline_loss": 7.938588423583344,
            "diffusion_r2_mean_k": 0.9470455466790964,
            "diffusion_r2_best_k": 0.9660557852446577,
            "prediction_disagreement": 1.162728268317594,
            "weight_pairwise_l2": 2.358502008350751,
            "latent_pairwise_l2": 4.899319517339459,
            "uncertainty_error_correlation": 0.33531027094155325,