{
  "stage2_loss": [
    1.132695198059082,
    1.0477854013442993,
    0.9567012786865234,
    0.9806089997291565,
    0.9303976893424988,
    0.918799638748169,
    0.9238048195838928,
    0.8664917349815369,
    0.9211499691009521,
    0.9150707125663757,
    0.933597981929779,
    0.976118803024292,
    0.9517827033996582,
    0.9047885537147522,
    0.9510799646377563
  ],
  "stage2_rmse": [
    0.2566530704498291,
    0.23578791320323944,
    0.23386704921722412,
    0.27933886647224426,
    0.254059761762619,
    0.2620593011379242,
    0.27177441120147705,
    0.24548839032649994,
    0.3422301709651947,
    0.2701851725578308,
    0.2616940438747406,
    0.24464337527751923,
    0.2764012813568115,
    0.2531094551086426,
    0.2877720594406128
  ],
  "selector_loss": [
    0.0,
    0.0,
    0.0,
    0.0,
    0.0,
    0.0,
    0.0,
    0.0,
    0.0,
    0.0,
    0.0,
    0.0,
    0.0,
    0.0,
    0.0
  ]
}