{
  "stage1_loss": [
    1.7791237831115723,
    1.2317113876342773,
    1.481887698173523,
    2.0389392375946045,
    0.8743258118629456,
    1.0927562713623047,
    1.3937846422195435,
    1.3749842643737793,
    1.596161961555481,
    1.0543677806854248,
    1.9716123342514038,
    1.1779212951660156,
    1.5119309425354004,
    1.794973373413086,
    1.1171892881393433,
    1.0210903882980347,
    1.170107126235962,
    1.3725485801696777,
    1.1813606023788452,
    1.0215696096420288,
    1.3806366920471191,
    1.044146180152893,
    0.8630526661872864,
    0.7772080898284912,
    0.912713885307312,
    0.9516309499740601,
    1.506461501121521,
    0.9002311825752258,
    0.7918459177017212,
    1.7258002758026123
  ],
  "stage1_task_loss": [
    1.779123306274414,
    1.2317109107971191,
    1.4818869829177856,
    2.038938522338867,
    0.8743252158164978,
    1.0927557945251465,
    1.3937841653823853,
    1.3749839067459106,
    1.5961616039276123,
    1.0543674230575562,
    1.9716119766235352,
    1.1779208183288574,
    1.5119303464889526,
    1.7949727773666382,
    1.117188572883606,
    1.0210894346237183,
    1.1701059341430664,
    1.3725475072860718,
    1.1813596487045288,
    1.0215684175491333,
    1.3806357383728027,
    1.0441454648971558,
    0.8630518913269043,
    0.7772068381309509,
    0.9127121567726135,
    0.9516295194625854,
    1.5064603090286255,
    0.9002302289009094,
    0.7918449640274048,
    1.7257988452911377
  ],
  "stage1_r2": [
    -0.06596963852643967,
    -0.47167128324508667,
    -0.091748908162117,
    -0.14593085646629333,
    -0.12408759444952011,
    -0.12088871747255325,
    -0.10556540638208389,
    -0.06850254535675049,
    -0.05454627051949501,
    -0.3568563163280487,
    -0.04424323886632919,
    -0.12737619876861572,
    -0.075548455119133,
    -0.08247815072536469,
    0.03535331413149834,
    0.09137202799320221,
    -0.2461010217666626,
    0.004623200744390488,
    -0.09838651120662689,
    0.08319024741649628,
    0.12918618321418762,
    0.2101229727268219,
    0.2304382622241974,
    0.3481762707233429,
    -2.3098337650299072,
    0.11644358187913895,
    -2.175302743911743,
    0.0935751348733902,
    0.5284191370010376,
    -0.696570634841919
  ],
  "latent_norm": [
    0.39004695415496826,
    0.39422547817230225,
    0.4637027382850647,
    0.5148520469665527,
    0.43730559945106506,
    0.4035516381263733,
    0.39320188760757446,
    0.35623520612716675,
    0.3501704931259155,
    0.35555943846702576,
    0.36160212755203247,
    0.3729855716228485,
    0.41828927397727966,
    0.41112884879112244,
    0.4753967523574829,
    0.532490611076355,
    0.6113471984863281,
    0.5769873857498169,
    0.5471099019050598,
    0.5975016951560974,
    0.5360956192016602,
    0.4710348844528198,
    0.47957903146743774,
    0.6100616455078125,
    0.7170299291610718,
    0.6533125638961792,
    0.6047555804252625,
    0.5412209033966064,
    0.5434966683387756,
    0.6430377960205078
  ]
}