{
  "overall": {
    "encoder_r2": 0.5446873185690493,
    "diffusion_r2": 0.5436473014298826,
    "selector_r2": 0.5436473014298826,
    "encoder_loss": 0.15313724861171069,
    "diffusion_loss": 0.16018808930239176,
    "selector_loss": 0.0,
    "diffusion_r2_mean_k": 0.5403179154323879,
    "diffusion_r2_best_k": 0.6412050528917461,
    "prediction_disagreement": 1.1619944849982857,
    "weight_pairwise_l2": 2.2493673409335315,
    "latent_pairwise_l2": 4.850733132660389,
    "uncertainty_error_correlation": 0.11699483050615526,
    "uncertainty_mean": 0.0038005455397069456,
    "uncertainty_on_high_error_points": 0.0047432324849069115,
    "uncertainty_on_low_error_points": 0.0032153844134882093
  },
  "macro_average": {
    "encoder_r2": 0.5474805390797363,
    "diffusion_r2": 0.5463242655509637,
    "selector_r2": 0.5463242655509637,
    "encoder_loss": 0.15344167477967197,
    "diffusion_loss": 0.16031087295422142,
    "selector_loss": 0.0,
    "diffusion_r2_mean_k": 0.5430321548254484,
    "diffusion_r2_best_k": 0.6425448941868881,
    "prediction_disagreement": 1.1620025178645423,
    "weight_pairwise_l2": 2.250354502900353,
    "latent_pairwise_l2": 4.850924399083112,
    "uncertainty_error_correlation": 0.1168989590461497,
    "uncertainty_mean": 0.003799827709820332,
    "uncertainty_on_high_error_points": 0.004742169358858531,
    "uncertainty_on_low_error_points": 0.0032134898007527488
  },
  "by_family": {
    "quadratic_regression": {
      "encoder_r2": 0.22618549640199778,
      "diffusion_r2": 0.22901026952934828,
      "selector_r2": 0.22901026952934828,
      "encoder_loss": 0.1236420094494359,
      "diffusion_loss": 0.13766081341965383,
      "selector_loss": 0.0,
      "diffusion_r2_mean_k": 0.22357855732813697,
      "diffusion_r2_best_k": 0.4277135144292781,
      "prediction_disagreement": 1.161280249424037,
      "weight_pairwise_l2": 2.22677727716159,
      "latent_pairwise_l2": 4.824196152982458,
      "uncertainty_error_correlation": 0.11938038074883982,
      "uncertainty_mean": 0.003809100054726444,
      "uncertainty_on_high_error_points": 0.004770411414047566,
      "uncertainty_on_low_error_points": 0.003273100214447156
    },
    "sine_regression": {
      "encoder_r2": 0.5693543879191081,
      "diffusion_r2": 0.563588614265124,
      "selector_r2": 0.563588614265124,
      "encoder_loss": 0.16331337550034125,
      "diffusion_loss": 0.16900966891398034,
      "selector_loss": 0.0,
      "diffusion_r2_mean_k": 0.5652200870960951,
      "diffusion_r2_best_k": 0.645933672785759,
      "prediction_disagreement": 1.1617488594849905,
      "weight_pairwise_l2": 2.251720858812332,
      "latent_pairwise_l2": 4.825086515744527,
      "uncertainty_error_correlation": 0.11401490774238482,
      "uncertainty_mean": 0.003780939480445037,
      "uncertainty_on_high_error_points": 0.004696506379016986,
      "uncertainty_on_low_error_points": 0.003177830008789897
    },
    "piecewise_regression": {
      "encoder_r2": 0.8628999558263274,
      "diffusion_r2": 0.860920500972713,
      "selector_r2": 0.860920500972713,
      "encoder_loss": 0.18481731463696435,
      "diffusion_loss": 0.19317993675471823,
      "selector_loss": 0.0,
      "diffusion_r2_mean_k": 0.8616954428582568,
      "diffusion_r2_best_k": 0.8852575847080776,
      "prediction_disagreement": 1.1623657695428216,
      "weight_pairwise_l2": 2.214437682215566,
      "latent_pairwise_l2": 4.86073540046947,
      "uncertainty_error_correlation": 0.1181406335866979,
      "uncertainty_mean": 0.003825816544520139,
      "uncertainty_on_high_error_points": 0.0047451287761364576,
      "uncertainty_on_low_error_points": 0.003236296014169565
    },
    "sawtooth_regression": {
      "encoder_r2": 0.5314823161715116,
      "diffusion_r2": 0.5317776774366697,
      "selector_r2": 0.5317776774366697,
      "encoder_loss": 0.1419939995319463,
      "diffusion_loss": 0.1413930727285333,
      "selector_loss": 0.0,
      "diffusion_r2_mean_k": 0.5216345320193049,
      "diffusion_r2_best_k": 0.6112748048244379,
      "prediction_disagreement": 1.1626151930063198,
      "weight_pairwise_l2": 2.308482193411925,
      "latent_pairwise_l2": 4.893679527135996,
      "uncertainty_error_correlation": 0.11605991410667627,
      "uncertainty_mean": 0.003783454759589707,
      "uncertainty_on_high_error_points": 0.004756630866233116,
      "uncertainty_on_low_error_points": 0.0031667329656043784
    }
  },
  "diagnostics": {
    "sample_count": 8,
    "mismatch": {
      "encoder_r2": -6.9290941898615195,
      "diffusion_r2": -6.387942457733809,
      "num_mismatch_episodes": 379.0
    },
    "support_size_sweep": {
      "2": {
        "encoder_r2": -0.38068572524935007,
        "diffusion_r2_mean": -0.3555796276341425
      },
      "4": {
        "encoder_r2": 0.3505048145307228,
        "diffusion_r2_mean": 0.3493988456466468
      },
      "8": {
        "encoder_r2": 0.44518277153838426,
        "diffusion_r2_mean": 0.4270390036253957
      },
      "16": {
        "encoder_r2": 0.6709904994349927,
        "diffusion_r2_mean": 0.6652811570675112
      }
    }
  },
  "baseline_comparison": {
    "deterministic_encoder": {
      "r2": 0.5446873185690493,
      "loss": 0.15313724861171069
    },
    "diffusion_sampler": {
      "r2": 0.5436473014298826,
      "loss": 0.16018808930239176
    },
    "selector": {
      "r2": 0.5436473014298826,
      "loss": 0.0
    }
  },
  "train_group_evals": {
    "core": {
      "families": [
        "sine_regression",
        "piecewise_regression",
        "quadratic_regression",
        "sawtooth_regression"
      ],
      "summary": {
        "overall": {
          "encoder_r2": 0.5560785924550146,
          "diffusion_r2": 0.5553668443579227,
          "selector_r2": 0.5553668443579227,
          "encoder_loss": 0.1607011281288578,
          "diffusion_loss": 0.16500467269224828,
          "selector_loss": 0.0,
          "diffusion_r2_mean_k": 0.5543580039171502,
          "diffusion_r2_best_k": 0.6523498304188251,
          "prediction_disagreement": 1.1636051273904742,
          "weight_pairwise_l2": 2.2518429143354295,
          "latent_pairwise_l2": 4.856076510436833,
          "uncertainty_error_correlation": 0.07936014377519314,
          "uncertainty_mean": 0.003656283294549212,
          "uncertainty_on_high_error_points": 0.004448399535613134,
          "uncertainty_on_low_error_points": 0.0032313709787558766
        },
        "macro_average": {
          "encoder_r2": 0.559864340578965,
          "diffusion_r2": 0.5592591145177541,
          "selector_r2": 0.5592591145177541,
          "encoder_loss": 0.16128235469130855,
          "diffusion_loss": 0.1655949303277561,
          "selector_loss": 0.0,
          "diffusion_r2_mean_k": 0.5581705098052976,
          "diffusion_r2_best_k": 0.6552311778961104,
          "prediction_disagreement": 1.1636305247551173,
          "weight_pairwise_l2": 2.2513824435706393,
          "latent_pairwise_l2": 4.856274086090396,
          "uncertainty_error_correlation": 0.07927621969388786,
          "uncertainty_mean": 0.003656913935837776,
          "uncertainty_on_high_error_points": 0.004448442737485511,
          "uncertainty_on_low_error_points": 0.003232918203657391
        },
        "by_family": {
          "sawtooth_regression": {
            "encoder_r2": 0.525182737204843,
            "diffusion_r2": 0.5130736206819911,
            "selector_r2": 0.5130736206819911,
            "encoder_loss": 0.14800372405931309,
            "diffusion_loss": 0.150965914830097,
            "selector_loss": 0.0,
            "diffusion_r2_mean_k": 0.5179596407684738,
            "diffusion_r2_best_k": 0.6061784230663391,
            "prediction_disagreement": 1.1624339451333006,
            "weight_pairwise_l2": 2.287971576530776,
            "latent_pairwise_l2": 4.869733976746748,
            "uncertainty_error_correlation": 0.0900954813597979,