{
  "stage1_loss": [
    1.5227417945861816,
    1.6842210292816162,
    1.1820423603057861,
    1.4549626111984253,
    1.36154305934906,
    0.9444279670715332,
    1.6503260135650635,
    0.8585867881774902,
    2.5664970874786377,
    0.9324122667312622,
    1.155936598777771,
    1.5479434728622437,
    0.8291239142417908,
    0.8405368328094482,
    0.8567836284637451,
    1.0358251333236694,
    1.4401503801345825,
    0.9099622368812561,
    0.7214226126670837,
    0.9317681789398193
  ],
  "stage1_task_loss": [
    1.5227413177490234,
    1.6842201948165894,
    1.182040810585022,
    1.4549617767333984,
    1.3615421056747437,
    0.9444260597229004,
    1.6503236293792725,
    0.85858553647995,
    2.5664947032928467,
    0.9324110150337219,
    1.1559357643127441,
    1.5479426383972168,
    0.8291230201721191,
    0.8405354022979736,
    0.8567817807197571,
    1.0358233451843262,
    1.4401488304138184,
    0.9099611043930054,
    0.721421480178833,
    0.9317671060562134
  ],
  "stage1_r2": [
    -0.4054911136627197,
    -0.44468963146209717,
    -0.5129970908164978,
    -0.36109596490859985,
    -0.2435600608587265,
    -0.5737501382827759,
    -0.642444908618927,
    -0.4682639241218567,
    -1.5968106985092163,
    -0.24716317653656006,
    -0.5277906656265259,
    -0.17924444377422333,
    -0.7525923252105713,
    -0.04540855064988136,
    -0.10092891752719879,
    -0.5737905502319336,
    -0.12433197349309921,
    -0.0036506615579128265,
    -0.19529426097869873,
    -0.0014920048415660858
  ],
  "latent_norm": [
    0.40054038166999817,
    0.5110732913017273,
    0.7129405736923218,
    0.5003026127815247,
    0.5537216663360596,
    0.7416000366210938,
    0.8107998371124268,
    0.6293044090270996,
    0.8073729276657104,
    0.6073048114776611,
    0.5204808712005615,
    0.5122378468513489,
    0.5081593990325928,
    0.6310647130012512,
    0.7171028852462769,
    0.7011812329292297,
    0.6593738794326782,
    0.5648190975189209,
    0.5656284689903259,
    0.5693132877349854
  ]
}