{
  "stage2_loss": [
    1.140805959701538,
    0.9940587282180786,
    0.9482925534248352,
    0.9971182346343994,
    0.9521926045417786,
    1.0054867267608643,
    0.9797447323799133,
    1.030800223350525,
    1.0502583980560303,
    0.9915040731430054
  ],
  "stage2_rmse": [
    0.2708795666694641,
    0.2977299690246582,
    0.2633669972419739,
    0.2129506915807724,
    0.29013606905937195,
    0.3107871115207672,
    0.2619737386703491,
    0.27944162487983704,
    0.30779358744621277,
    0.17992644011974335
  ],
  "selector_loss": [
    0.0,
    0.0,
    0.0,
    0.0,
    0.0,
    0.0,
    0.0,
    0.0,
    0.0,
    0.0
  ]
}