{
  "overall": {
    "encoder_r2": -0.07550791651010513,
    "diffusion_r2": -0.1212348435074091,
    "selector_r2": -0.1212348435074091,
    "encoder_loss": 0.6851795436814427,
    "diffusion_loss": 0.7313571469858289,
    "selector_loss": 0.0,
    "diffusion_r2_mean_k": -0.10920443502254784,
    "diffusion_r2_best_k": 0.021074203774333,
    "prediction_disagreement": 1.1542136035859585,
    "weight_pairwise_l2": 4.239345565438271,
    "latent_pairwise_l2": 8.734158053994179,
    "uncertainty_error_correlation": 0.010698888450860977,
    "uncertainty_mean": 0.021679136902093887,
    "uncertainty_on_high_error_points": 0.035419219173491,
    "uncertainty_on_low_error_points": 0.020662089809775352
  },
  "macro_average": {
    "encoder_r2": -0.039690965697878874,
    "diffusion_r2": -0.08813688040725769,
    "selector_r2": -0.08813688040725769,
    "encoder_loss": 0.669990715408136,
    "diffusion_loss": 0.721448717964074,
    "selector_loss": 0.0,
    "diffusion_r2_mean_k": -0.07600019153739725,
    "diffusion_r2_best_k": 0.054751803714131554,
    "prediction_disagreement": 1.153881716822821,
    "weight_pairwise_l2": 4.2390997636885865,
    "latent_pairwise_l2": 8.721388599229236,
    "uncertainty_error_correlation": 0.012816027871200016,
    "uncertainty_mean": 0.021752839464516865,
    "uncertainty_on_high_error_points": 0.035841909902436395,
    "uncertainty_on_low_error_points": 0.02015371514218194
  },
  "by_family": {
    "quadratic_regression": {
      "encoder_r2": -0.5539381504058838,
      "diffusion_r2": -0.5608831246693929,
      "selector_r2": -0.5608831246693929,
      "encoder_loss": 1.2480956315994263,
      "diffusion_loss": 1.2516326506932576,
      "selector_loss": 0.0,
      "diffusion_r2_mean_k": -0.5550795379612181,
      "diffusion_r2_best_k": -0.39314983950720894,
      "prediction_disagreement": 1.1396415763431125,
      "weight_pairwise_l2": 4.154462522930569,
      "latent_pairwise_l2": 8.751098526848686,
      "uncertainty_error_correlation": -0.014001071453094482,
      "uncertainty_mean": 0.020819273673825793,
      "uncertainty_on_high_error_points": 0.030487827335794766,
      "uncertainty_on_low_error_points": 0.026593127598365147
    },
    "piecewise_regression": {
      "encoder_r2": 0.5598098124776568,
      "diffusion_r2": 0.4732117993491037,
      "selector_r2": 0.4732117993491037,
      "encoder_loss": 0.7555944451263973,
      "diffusion_loss": 0.9292957867894854,
      "selector_loss": 0.0,
      "diffusion_r2_mean_k": 0.4601967675345285,
      "diffusion_r2_best_k": 0.6558026926858085,
      "prediction_disagreement": 1.1470283269882202,
      "weight_pairwise_l2": 4.294222491128104,
      "latent_pairwise_l2": 8.736640521458217,
      "uncertainty_error_correlation": 0.017050306711878096,
      "uncertainty_mean": 0.021900244589362825,
      "uncertainty_on_high_error_points": 0.036687291360327175,
      "uncertainty_on_low_error_points": 0.01913696580699512
    },
    "sawtooth_regression": {
      "encoder_r2": -0.09851499398549397,
      "diffusion_r2": -0.14495804574754503,
      "selector_r2": -0.14495804574754503,
      "encoder_loss": 0.33490705158975387,
      "diffusion_loss": 0.34979964958296883,
      "selector_loss": 0.0,
      "diffusion_r2_mean_k": -0.1281887408759859,
      "diffusion_r2_best_k": -0.0361881521013048,
      "prediction_disagreement": 1.1734320455127292,
      "weight_pairwise_l2": 4.327669832441542,
      "latent_pairwise_l2": 8.89598994784885,
      "uncertainty_error_correlation": 0.005758896470069885,
      "uncertainty_mean": 0.021507164256440267,
      "uncertainty_on_high_error_points": 0.03443294080595175,
      "uncertainty_on_low_error_points": 0.021848297367493313
    },
    "sine_regression": {
      "encoder_r2": -0.06612053087779454,
      "diffusion_r2": -0.11991815056119647,
      "selector_r2": -0.11991815056119647,
      "encoder_loss": 0.34136573331696646,
      "diffusion_loss": 0.355066784790584,
      "selector_loss": 0.0,
      "diffusion_r2_mean_k": -0.08092925484691348,
      "diffusion_r2_best_k": -0.00745748622076852,
      "prediction_disagreement": 1.155424918447222,
      "weight_pairwise_l2": 4.180044208254133,
      "latent_pairwise_l2": 8.501825400761195,
      "uncertainty_error_correlation": 0.04245597975594657,
      "uncertainty_mean": 0.02278467533843858,
      "uncertainty_on_high_error_points": 0.041759580107671876,
      "uncertainty_on_low_error_points": 0.013036469795874186
    }
  },
  "diagnostics": {
    "sample_count": 8,
    "mismatch": {
      "encoder_r2": -1.8937737463663022,
      "diffusion_r2": -1.6347246213505666,
      "num_mismatch_episodes": 192.0
    },
    "support_size_sweep": {
      "2": {
        "encoder_r2": -0.30441936617717147,
        "diffusion_r2_mean": -0.34304850807529874
      },
      "4": {
        "encoder_r2": -0.18164834310300648,
        "diffusion_r2_mean": -0.22114170144777745
      },
      "8": {
        "encoder_r2": -0.17001264169812202,
        "diffusion_r2_mean": -0.22579742316156626
      },
      "16": {
        "encoder_r2": -0.11702673020772636,
        "diffusion_r2_mean": -0.16274421315756626
      }
    }
  },
  "baseline_comparison": {
    "deterministic_encoder": {
      "r2": -0.07550791651010513,
      "loss": 0.6851795436814427
    },
    "diffusion_sampler": {
      "r2": -0.1212348435074091,
      "loss": 0.7313571469858289
    },
    "selector": {
      "r2": -0.1212348435074091,
      "loss": 0.0
    }
  },
  "train_group_evals": {
    "core": {
      "families": [
        "sine_regression",
        "piecewise_regression",
        "quadratic_regression",
        "sawtooth_regression"
      ],
      "summary": {
        "overall": {
          "encoder_r2": -0.06857294589281082,
          "diffusion_r2": -0.02244667522609234,
          "selector_r2": -0.02244667522609234,
          "encoder_loss": 0.901259170845151,
          "diffusion_loss": 0.9354680962860584,
          "selector_loss": 0.0,
          "diffusion_r2_mean_k": -0.09919860283844173,
          "diffusion_r2_best_k": 0.05016199313104153,
          "prediction_disagreement": 1.162305861711502,
          "weight_pairwise_l2": 4.10792138427496,
          "latent_pairwise_l2": 8.521291255950928,
          "uncertainty_error_correlation": 0.012317568063735962,
          "uncertainty_mean": 0.017206313088536263,
          "uncertainty_on_high_error_points": 0.031018974259495735,
          "uncertainty_on_low_error_points": 0.011581056751310825
        },
        "macro_average": {
          "encoder_r2": -0.09039612143995271,
          "diffusion_r2": -0.03435811879379408,
          "selector_r2": -0.03435811879379408,
          "encoder_loss": 0.9445521816138237,
          "diffusion_loss": 0.9749383106679906,
          "selector_loss": 0.0,
          "diffusion_r2_mean_k": -0.11985106666808917,
          "diffusion_r2_best_k": 0.037901281660038325,
          "prediction_disagreement": 1.1622817288670275,
          "weight_pairwise_l2": 4.110306758374449,
          "latent_pairwise_l2": 8.521969661589653,
          "uncertainty_error_correlation": 0.011716698872901145,
          "uncertainty_mean": 0.017191255221232063,
          "uncertainty_on_high_error_points": 0.031011809927544425,
          "uncertainty_on_low_error_points": 0.011593050423211286
        },
        "by_family": {
          "sawtooth_regression": {
            "encoder_r2": -0.07279488775465223,
            "diffusion_r2": -0.059829533100128174,
            "selector_r2": -0.059829533100128174,
            "encoder_loss": 0.35699135727352566,
            "diffusion_loss": 0.35648958219422233,
            "selector_loss": 0.0,
            "diffusion_r2_mean_k": -0.07909118798043993,
            "diffusion_r2_best_k": -0.020330859555138484,
            "prediction_disagreement": 1.1564228667153253,
            "weight_pairwise_l2": 4.132096343570286,
            "latent_pairwise_l2": 8.64973455005222,