{
  "overall": {
    "encoder_acc": 0.9564208984375,
    "diffusion_acc": 0.95638427734375,
    "encoder_loss": 0.09757414653284506,
    "diffusion_loss": 0.098333816369286,
    "diffusion_acc_mean_k": 0.9563186645507813,
    "diffusion_acc_best_k": 0.96226806640625,
    "prediction_disagreement": 0.005482264915553969,
    "weight_pairwise_l2": 2.3872428799048064,
    "latent_pairwise_l2": 4.862832395918668
  },
  "macro_average": {
    "encoder_acc": 0.9580101371711841,
    "diffusion_acc": 0.9579831567931502,
    "encoder_loss": 0.09412947853665128,
    "diffusion_loss": 0.09485192479951246,
    "diffusion_acc_mean_k": 0.9579154463906213,
    "diffusion_acc_best_k": 0.9636726203003623,
    "prediction_disagreement": 0.005307934608014699,
    "weight_pairwise_l2": 2.3866215756405613,
    "latent_pairwise_l2": 4.863059314932376
  },
  "by_family": {
    "moons": {
      "encoder_acc": 1.0,
      "diffusion_acc": 1.0,
      "encoder_loss": 0.0005355518154841009,
      "diffusion_loss": 0.0007083490512753231,
      "diffusion_acc_mean_k": 0.999987150493421,
      "diffusion_acc_best_k": 1.0,
      "prediction_disagreement": 2.5699013157894735e-05,
      "weight_pairwise_l2": 2.4243266602095805,
      "latent_pairwise_l2": 4.875920610208261
    },
    "xor": {
      "encoder_acc": 0.9889047231270358,
      "diffusion_acc": 0.989260993485342,
      "encoder_loss": 0.02978633734747636,
      "diffusion_loss": 0.029301861028984855,
      "diffusion_acc_mean_k": 0.9890446864820847,
      "diffusion_acc_best_k": 0.9919584690553745,
      "prediction_disagreement": 0.00277745462529337,
      "weight_pairwise_l2": 2.3159028466439016,
      "latent_pairwise_l2": 4.859103643933026
    },
    "linear": {
      "encoder_acc": 0.8895457957957958,
      "diffusion_acc": 0.8896396396396397,
      "encoder_loss": 0.24472338334844634,
      "diffusion_loss": 0.24709361279243464,
      "diffusion_acc_mean_k": 0.889528200075075,
      "diffusion_acc_best_k": 0.902027027027027,
      "prediction_disagreement": 0.011732156236037926,
      "weight_pairwise_l2": 2.4029585677940206,
      "latent_pairwise_l2": 4.860929097499217
    },
    "circles": {
      "encoder_acc": 0.9535900297619048,
      "diffusion_acc": 0.9530319940476191,
      "encoder_loss": 0.10147264163519833,
      "diffusion_loss": 0.10230387632535505,
      "diffusion_acc_mean_k": 0.9531017485119048,
      "diffusion_acc_best_k": 0.9607049851190477,
      "prediction_disagreement": 0.006696428557569604,
      "weight_pairwise_l2": 2.403298227914742,
      "latent_pairwise_l2": 4.856283908089002
    }
  },
  "diagnostics": {
    "sample_count": 8,
    "mismatch": {
      "encoder_acc": 0.5414780640668524,
      "diffusion_acc": 0.5408687325905293,
      "num_mismatch_episodes": 359.0
    },
    "support_size_sweep": {
      "2": {
        "encoder_acc": 0.763336181640625,
        "diffusion_acc_mean": 0.7618942260742188
      },
      "4": {
        "encoder_acc": 0.861419677734375,
        "diffusion_acc_mean": 0.8608245849609375
      },
      "8": {
        "encoder_acc": 0.939727783203125,
        "diffusion_acc_mean": 0.9391288757324219
      },
      "16": {
        "encoder_acc": 0.955963134765625,
        "diffusion_acc_mean": 0.9558448791503906
      }
    }
  },
  "baseline_comparison": {
    "deterministic_encoder": {
      "acc": 0.9564208984375,
      "loss": 0.09757414653284506
    },
    "diffusion_sampler": {
      "acc": 0.95638427734375,
      "loss": 0.098333816369286
    }
  },
  "train_group_evals": {
    "core": {
      "families": [
        "linear",
        "xor",
        "moons",
        "circles"
      ],
      "summary": {
        "overall": {
          "encoder_acc": 0.956640625,
          "diffusion_acc": 0.955908203125,
          "encoder_loss": 0.0973326256653709,
          "diffusion_loss": 0.09904973183717995,
          "diffusion_acc_mean_k": 0.95645751953125,
          "diffusion_acc_best_k": 0.96285400390625,
          "prediction_disagreement": 0.005847167950923904,
          "weight_pairwise_l2": 2.359587248880416,
          "latent_pairwise_l2": 4.827927631512284
        },
        "macro_average": {
          "encoder_acc": 0.9567184191878578,
          "diffusion_acc": 0.9559825246232103,
          "encoder_loss": 0.09718530898994113,
          "diffusion_loss": 0.09891845892268455,
          "diffusion_acc_mean_k": 0.9565381597475745,
          "diffusion_acc_best_k": 0.9629573538829684,
          "prediction_disagreement": 0.00587187381958941,
          "weight_pairwise_l2": 2.358178096735747,
          "latent_pairwise_l2": 4.827830063916138
        },
        "by_family": {
          "xor": {
            "encoder_acc": 0.9882420568561873,
            "diffusion_acc": 0.9878239966555183,
            "encoder_loss": 0.027665476566639455,
            "diffusion_loss": 0.02907794633869721,
            "diffusion_acc_mean_k": 0.9882616534280937,
            "diffusion_acc_best_k": 0.9924749163879598,
            "prediction_disagreement": 0.003958507517296634,
            "weight_pairwise_l2": 2.292971802395722,
            "latent_pairwise_l2": 4.819623355482733
          },
          "circles": {
            "encoder_acc": 0.9506880733944955,
            "diffusion_acc": 0.9501624617737003,
            "encoder_loss": 0.10807962539614341,
            "diffusion_loss": 0.1092853176860361,
            "diffusion_acc_mean_k": 0.9504252675840978,
            "diffusion_acc_best_k": 0.9586200305810397,
            "prediction_disagreement": 0.007007017211891733,
            "weight_pairwise_l2": 2.382037847049375,
            "latent_pairwise_l2": 4.824799228516558
          },
          "moons": {
            "encoder_acc": 0.9999064371257484,
            "diffusion_acc": 0.9998596556886228,
            "encoder_loss": 0.0009273553340392823,
            "diffusion_loss": 0.0009763557046081822,
            "diffusion_acc_mean_k": 0.9998070265718563,
            "diffusion_acc_best_k": 0.9999532185628742,
            "prediction_disagreement": 0.00017543039200994782,
            "weight_pairwise_l2": 2.3772755475815184,
            "latent_pairwise_l2": 4.825955884899208
          },
          "linear": {
            "encoder_acc": 0.888037109375,
            "diffusion_acc": 0.886083984375,
            "encoder_loss": 0.25206877866294236,
            "diffusion_loss": 0.2563342159613967,
            "diffusion_acc_mean_k": 0.88765869140625,
            "diffusion_acc_best_k": 0.90078125,
            "prediction_disagreement": 0.012346540157159325,
            "weight_pairwise_l2": 2.3804271899163725,
            "latent_pairwise_l2": 4.840941786766052
          }
        },
        "diagnostics": {
          "sample_count": 8,
          "mismatch": {
            "encoder_acc": 0.5452932098765432,
            "diffusion_acc": 0.544945987654321,
            "num_mismatch_episodes": 405.0
          },
          "support_size_sweep": {
            "2": {
              "encoder_acc": 0.778350830078125,
              "diffusion_acc_mean": 0.7777366638183594
            },
            "4": {
              "encoder_acc": 0.871734619140625,
              "diffusion_acc_mean": 0.8707542419433594
            },
            "8": {
              "encoder_acc": 0.941436767578125,
              "diffusion_acc_mean": 0.9415016174316406
            },
            "16": {
              "encoder_acc": 0.958984375,
              "diffusion_acc_mean": 0.9587211608886719
            }
          }
        },
        "baseline_comparison": {
          "deterministic_encoder": {
            "acc": 0.956640625,
            "loss": 0.0973326256653709
          },
          "diffusion_sampler": {
            "acc": 0.955908203125,
            "loss": 0.09904973183717995
          }
        }
      }
    }
  },
  "artifacts": {
    "plots_train": [
      "plots/train_00_moons.png",
      "plots/train_01_circles.png",
      "plots/train_02_moons.png",
      "plots/train_03_xor.png"
    ]
  },