{
  "overall": {
    "encoder_r2": 0.9981710429303348,
    "diffusion_r2": 0.9912001701071859,
    "selector_r2": 0.9912001701071859,
    "baseline_r2": 0.8908464141655713,
    "encoder_loss": 0.011692968358465805,
    "diffusion_loss": 0.06554478659595589,
    "selector_loss": 0.0,
    "baseline_loss": 0.6891313199234901,
    "diffusion_r2_mean_k": 0.9910887522622943,
    "diffusion_r2_best_k": 0.9986298766452819,
    "prediction_disagreement": 1.1645627373829484,
    "weight_pairwise_l2": 2.2138228439725935,
    "latent_pairwise_l2": 4.804555186256766,
    "uncertainty_error_correlation": 0.3085417906753719,
    "uncertainty_mean": 0.03195405984297395,
    "uncertainty_on_high_error_points": 0.05665009543299675,
    "uncertainty_on_low_error_points": 0.016778619191609324
  },
  "macro_average": {
    "encoder_r2": 0.9981710429303348,
    "diffusion_r2": 0.9912001701071859,
    "selector_r2": 0.9912001701071859,
    "baseline_r2": 0.8908464141655713,
    "encoder_loss": 0.011692968358465805,
    "diffusion_loss": 0.06554478659595589,
    "selector_loss": 0.0,
    "baseline_loss": 0.6891313199234901,
    "diffusion_r2_mean_k": 0.9910887522622943,
    "diffusion_r2_best_k": 0.9986298766452819,
    "prediction_disagreement": 1.1645627373829484,
    "weight_pairwise_l2": 2.2138228439725935,
    "latent_pairwise_l2": 4.804555186256766,
    "uncertainty_error_correlation": 0.3085417906753719,
    "uncertainty_mean": 0.03195405984297395,
    "uncertainty_on_high_error_points": 0.05665009543299675,
    "uncertainty_on_low_error_points": 0.016778619191609324
  },
  "by_family": {
    "linear_control": {
      "encoder_r2": 0.9981710429303348,
      "diffusion_r2": 0.9912001701071859,
      "selector_r2": 0.9912001701071859,
      "baseline_r2": 0.8908464141655713,
      "encoder_loss": 0.011692968358465805,
      "diffusion_loss": 0.06554478659595589,
      "selector_loss": 0.0,
      "baseline_loss": 0.6891313199234901,
      "diffusion_r2_mean_k": 0.9910887522622943,
      "diffusion_r2_best_k": 0.9986298766452819,
      "prediction_disagreement": 1.1645627373829484,
      "weight_pairwise_l2": 2.2138228439725935,
      "latent_pairwise_l2": 4.804555186256766,
      "uncertainty_error_correlation": 0.3085417906753719,
      "uncertainty_mean": 0.03195405984297395,
      "uncertainty_on_high_error_points": 0.05665009543299675,
      "uncertainty_on_low_error_points": 0.016778619191609324
    }
  },
  "diagnostics": {
    "sample_count": 8,
    "mismatch": {
      "encoder_r2": 0.0,
      "diffusion_r2": 0.0,
      "num_mismatch_episodes": 0.0
    },
    "support_size_sweep": {
      "2": {
        "encoder_r2": 0.8902924216818064,
        "diffusion_r2_mean": 0.892191674123751
      },
      "4": {
        "encoder_r2": 0.9690610815305263,
        "diffusion_r2_mean": 0.9642337630939437
      },
      "8": {
        "encoder_r2": 0.9966054743854329,
        "diffusion_r2_mean": 0.9896915870485827
      },
      "16": {
        "encoder_r2": 0.9979855883866549,
        "diffusion_r2_mean": 0.9910897650988773
      }
    }
  },
  "baseline_comparison": {
    "deterministic_encoder": {
      "r2": 0.9981710429303348,
      "loss": 0.011692968358465805
    },
    "diffusion_sampler": {
      "r2": 0.9912001701071859,
      "loss": 0.06554478659595589
    },
    "selector": {
      "r2": 0.9912001701071859,
      "loss": 0.0
    },
    "static_baseline": {
      "r2": 0.8908464141655713,
      "loss": 0.6891313199234901
    }
  },
  "train_group_evals": {
    "core": {
      "families": [
        "linear_control"
      ],
      "summary": {
        "overall": {
          "encoder_r2": 0.9981387489009649,
          "diffusion_r2": 0.991063688043505,
          "selector_r2": 0.991063688043505,
          "baseline_r2": 0.8851603564340621,
          "encoder_loss": 0.011944057850996614,
          "diffusion_loss": 0.06541471425425698,
          "selector_loss": 0.0,
          "baseline_loss": 0.7208429303051161,
          "diffusion_r2_mean_k": 0.991256571887061,
          "diffusion_r2_best_k": 0.9986440557986498,
          "prediction_disagreement": 1.16466507287696,
          "weight_pairwise_l2": 2.212141133099794,
          "latent_pairwise_l2": 4.799921515770256,
          "uncertainty_error_correlation": 0.2951386447995901,
          "uncertainty_mean": 0.03212891928851604,
          "uncertainty_on_high_error_points": 0.05668792044743896,
          "uncertainty_on_low_error_points": 0.017229656223207712
        },
        "macro_average": {
          "encoder_r2": 0.9981387489009649,
          "diffusion_r2": 0.991063688043505,
          "selector_r2": 0.991063688043505,
          "baseline_r2": 0.8851603564340621,
          "encoder_loss": 0.011944057850996614,
          "diffusion_loss": 0.06541471425425698,
          "selector_loss": 0.0,
          "baseline_loss": 0.7208429303051161,
          "diffusion_r2_mean_k": 0.991256571887061,
          "diffusion_r2_best_k": 0.9986440557986498,
          "prediction_disagreement": 1.16466507287696,
          "weight_pairwise_l2": 2.212141133099794,
          "latent_pairwise_l2": 4.799921515770256,
          "uncertainty_error_correlation": 0.2951386447995901,
          "uncertainty_mean": 0.03212891928851604,
          "uncertainty_on_high_error_points": 0.05668792044743896,
          "uncertainty_on_low_error_points": 0.017229656223207712
        },
        "by_family": {
          "linear_control": {
            "encoder_r2": 0.9981387489009649,
            "diffusion_r2": 0.991063688043505,
            "selector_r2": 0.991063688043505,
            "baseline_r2": 0.8851603564340621,
            "encoder_loss": 0.011944057850996614,
            "diffusion_loss": 0.06541471425425698,
            "selector_loss": 0.0,
            "baseline_loss": 0.7208429303051161,
            "diffusion_r2_mean_k": 0.991256571887061,
            "diffusion_r2_best_k": 0.9986440557986498,
            "prediction_disagreement": 1.16466507287696,
            "weight_pairwise_l2": 2.212141133099794,
            "latent_pairwise_l2": 4.799921515770256,
            "uncertainty_error_correlation": 0.2951386447995901,
            "uncertainty_mean": 0.03212891928851604,
            "uncertainty_on_high_error_points": 0.05668792044743896,
            "uncertainty_on_low_error_points": 0.017229656223207712
          }
        },
        "diagnostics": {
          "sample_count": 8,
          "mismatch": {
            "encoder_r2": 0.0,
            "diffusion_r2": 0.0,
            "num_mismatch_episodes": 0.0
          },
          "support_size_sweep": {
            "2": {
              "encoder_r2": 0.8850587951019406,
              "diffusion_r2_mean": 0.8861807975335978
            },
            "4": {
              "encoder_r2": 0.9706294917268679,
              "diffusion_r2_mean": 0.9648305454902584
            },
            "8": {
              "encoder_r2": 0.9962658989243209,
              "diffusion_r2_mean": 0.9893177164485678
            },
            "16": {
              "encoder_r2": 0.9980843049706891,
              "diffusion_r2_mean": 0.9911426253383979
            }
          }
        },
        "baseline_comparison": {
          "deterministic_encoder": {
            "r2": 0.9981387489009649,
            "loss": 0.011944057850996614
          },
          "diffusion_sampler": {
            "r2": 0.991063688043505,
            "loss": 0.06541471425425698
          },
          "selector": {
            "r2": 0.991063688043505,
            "loss": 0.0
          },
          "static_baseline": {
            "r2": 0.8851603564340621,
            "loss": 0.7208429303051161
          }
        }
      }
    }
  },