{
  "overall": {
    "encoder_r2": 0.9979623239021749,
    "diffusion_r2": 0.9906529386062175,
    "selector_r2": 0.9906529386062175,
    "baseline_r2": 0.8908287660218775,
    "encoder_loss": 0.014825354571712523,
    "diffusion_loss": 0.06935039371223865,
    "selector_loss": 0.0,
    "baseline_loss": 0.6903126161083492,
    "diffusion_r2_mean_k": 0.9907097135670483,
    "diffusion_r2_best_k": 0.9982557201758027,
    "prediction_disagreement": 1.1641841761767864,
    "weight_pairwise_l2": 2.1562241530045867,
    "latent_pairwise_l2": 4.7056179996579885,
    "uncertainty_error_correlation": 0.3756266862154007,
    "uncertainty_mean": 0.022236386500298976,
    "uncertainty_on_high_error_points": 0.04347761496901512,
    "uncertainty_on_low_error_points": 0.010129726841114461
  },
  "macro_average": {
    "encoder_r2": 0.9979623239021749,
    "diffusion_r2": 0.9906529386062175,
    "selector_r2": 0.9906529386062175,
    "baseline_r2": 0.8908287660218775,
    "encoder_loss": 0.014825354571712523,
    "diffusion_loss": 0.06935039371223865,
    "selector_loss": 0.0,
    "baseline_loss": 0.6903126161083492,
    "diffusion_r2_mean_k": 0.9907097135670483,
    "diffusion_r2_best_k": 0.9982557201758027,
    "prediction_disagreement": 1.1641841761767864,
    "weight_pairwise_l2": 2.1562241530045867,
    "latent_pairwise_l2": 4.7056179996579885,
    "uncertainty_error_correlation": 0.3756266862154007,
    "uncertainty_mean": 0.022236386500298976,
    "uncertainty_on_high_error_points": 0.04347761496901512,
    "uncertainty_on_low_error_points": 0.010129726841114461
  },
  "by_family": {
    "linear_control": {
      "encoder_r2": 0.9979623239021749,
      "diffusion_r2": 0.9906529386062175,
      "selector_r2": 0.9906529386062175,
      "baseline_r2": 0.8908287660218775,
      "encoder_loss": 0.014825354571712523,
      "diffusion_loss": 0.06935039371223865,
      "selector_loss": 0.0,
      "baseline_loss": 0.6903126161083492,
      "diffusion_r2_mean_k": 0.9907097135670483,
      "diffusion_r2_best_k": 0.9982557201758027,
      "prediction_disagreement": 1.1641841761767864,
      "weight_pairwise_l2": 2.1562241530045867,
      "latent_pairwise_l2": 4.7056179996579885,
      "uncertainty_error_correlation": 0.3756266862154007,
      "uncertainty_mean": 0.022236386500298976,
      "uncertainty_on_high_error_points": 0.04347761496901512,
      "uncertainty_on_low_error_points": 0.010129726841114461
    }
  },
  "diagnostics": {
    "sample_count": 8,
    "mismatch": {
      "encoder_r2": 0.0,
      "diffusion_r2": 0.0,
      "num_mismatch_episodes": 0.0
    },
    "support_size_sweep": {
      "2": {
        "encoder_r2": 0.9265649582957849,
        "diffusion_r2_mean": 0.9234295622445643
      },
      "4": {
        "encoder_r2": 0.9746640319935977,
        "diffusion_r2_mean": 0.9689916072529741
      },
      "8": {
        "encoder_r2": 0.9930531363934278,
        "diffusion_r2_mean": 0.985860749729909
      },
      "16": {
        "encoder_r2": 0.9979283252032474,
        "diffusion_r2_mean": 0.9909275391837582
      }
    }
  },
  "baseline_comparison": {
    "deterministic_encoder": {
      "r2": 0.9979623239021749,
      "loss": 0.014825354571712523
    },
    "diffusion_sampler": {
      "r2": 0.9906529386062175,
      "loss": 0.06935039371223865
    },
    "selector": {
      "r2": 0.9906529386062175,
      "loss": 0.0
    },
    "static_baseline": {
      "r2": 0.8908287660218775,
      "loss": 0.6903126161083492
    }
  },
  "train_group_evals": {
    "core": {
      "families": [
        "linear_control"
      ],
      "summary": {
        "overall": {
          "encoder_r2": 0.9979983922559768,
          "diffusion_r2": 0.9905588916968554,
          "selector_r2": 0.9905588916968554,
          "baseline_r2": 0.8851660605054349,
          "encoder_loss": 0.014345787729098447,
          "diffusion_loss": 0.06848162739142935,
          "selector_loss": 0.0,
          "baseline_loss": 0.7218264235187235,
          "diffusion_r2_mean_k": 0.9908237139694392,
          "diffusion_r2_best_k": 0.9982664064969867,
          "prediction_disagreement": 1.1629676989745348,
          "weight_pairwise_l2": 2.157359397597611,
          "latent_pairwise_l2": 4.708065456338227,
          "uncertainty_error_correlation": 0.34159556720405815,
          "uncertainty_mean": 0.022237179707735776,
          "uncertainty_on_high_error_points": 0.04320905627682805,
          "uncertainty_on_low_error_points": 0.010340645536780357
        },
        "macro_average": {
          "encoder_r2": 0.9979983922559768,
          "diffusion_r2": 0.9905588916968554,
          "selector_r2": 0.9905588916968554,
          "baseline_r2": 0.8851660605054349,
          "encoder_loss": 0.014345787729098447,
          "diffusion_loss": 0.06848162739142935,
          "selector_loss": 0.0,
          "baseline_loss": 0.7218264235187235,
          "diffusion_r2_mean_k": 0.9908237139694392,
          "diffusion_r2_best_k": 0.9982664064969867,
          "prediction_disagreement": 1.1629676989745348,
          "weight_pairwise_l2": 2.157359397597611,
          "latent_pairwise_l2": 4.708065456338227,
          "uncertainty_error_correlation": 0.34159556720405815,
          "uncertainty_mean": 0.022237179707735776,
          "uncertainty_on_high_error_points": 0.04320905627682805,
          "uncertainty_on_low_error_points": 0.010340645536780357
        },
        "by_family": {
          "linear_control": {
            "encoder_r2": 0.9979983922559768,
            "diffusion_r2": 0.9905588916968554,
            "selector_r2": 0.9905588916968554,
            "baseline_r2": 0.8851660605054349,
            "encoder_loss": 0.014345787729098447,
            "diffusion_loss": 0.06848162739142935,
            "selector_loss": 0.0,
            "baseline_loss": 0.7218264235187235,
            "diffusion_r2_mean_k": 0.9908237139694392,
            "diffusion_r2_best_k": 0.9982664064969867,
            "prediction_disagreement": 1.1629676989745348,
            "weight_pairwise_l2": 2.157359397597611,
            "latent_pairwise_l2": 4.708065456338227,
            "uncertainty_error_correlation": 0.34159556720405815,
            "uncertainty_mean": 0.022237179707735776,
            "uncertainty_on_high_error_points": 0.04320905627682805,
            "uncertainty_on_low_error_points": 0.010340645536780357
          }
        },
        "diagnostics": {
          "sample_count": 8,
          "mismatch": {
            "encoder_r2": 0.0,
            "diffusion_r2": 0.0,
            "num_mismatch_episodes": 0.0
          },
          "support_size_sweep": {
            "2": {
              "encoder_r2": 0.9176047771470621,
              "diffusion_r2_mean": 0.9147576375398785
            },
            "4": {
              "encoder_r2": 0.9770104519557208,
              "diffusion_r2_mean": 0.9712223673705012
            },
            "8": {
              "encoder_r2": 0.9951926497742534,
              "diffusion_r2_mean": 0.9883573924889788
            },
            "16": {
              "encoder_r2": 0.9978395972866565,
              "diffusion_r2_mean": 0.9905682083917782
            }
          }
        },
        "baseline_comparison": {
          "deterministic_encoder": {
            "r2": 0.9979983922559768,
            "loss": 0.014345787729098447
          },
          "diffusion_sampler": {
            "r2": 0.9905588916968554,
            "loss": 0.06848162739142935
          },
          "selector": {
            "r2": 0.9905588916968554,
            "loss": 0.0
          },
          "static_baseline": {
            "r2": 0.8851660605054349,
            "loss": 0.7218264235187235
          }
        }
      }
    }
  },