{
  "stage1_loss": [
    1.4139366149902344,
    1.3422579765319824,
    1.7033168077468872,
    1.5565505027770996,
    1.2051273584365845,
    0.7297325134277344,
    0.889927864074707,
    0.936546266078949,
    0.5967485904693604,
    0.1994318813085556,
    0.7511162161827087,
    0.8137582540512085,
    0.2050323486328125,
    0.5141589045524597,
    0.43364378809928894,
    0.4076025187969208,
    0.3318157196044922,
    0.30291563272476196,
    0.18653151392936707,
    0.26228946447372437,
    0.3710733652114868,
    0.1867842972278595,
    0.18619000911712646,
    0.12241936475038528,
    0.10618594288825989,
    0.18594133853912354,
    0.28472810983657837,
    0.2011571079492569,
    0.13895189762115479,
    0.3085128962993622
  ],
  "stage1_task_loss": [
    1.4139361381530762,
    1.3422571420669556,
    1.703316330909729,
    1.5565500259399414,
    1.2051267623901367,
    0.7297316193580627,
    0.8899262547492981,
    0.9365447163581848,
    0.596747636795044,
    0.19943083822727203,
    0.7511149644851685,
    0.8137570023536682,
    0.20503127574920654,
    0.5141579508781433,
    0.4336429238319397,
    0.40760165452957153,
    0.33181482553482056,
    0.3029147684574127,
    0.1865307092666626,
    0.26228874921798706,
    0.3710727095603943,
    0.18678364157676697,
    0.18618932366371155,
    0.12241868674755096,
    0.10618530958890915,
    0.18594077229499817,
    0.2847275733947754,
    0.20115655660629272,
    0.13895130157470703,
    0.30851227045059204
  ],
  "stage1_r2": [
    -0.020695749670267105,
    -0.0520816445350647,
    -0.03417948633432388,
    0.008290044963359833,
    0.1312345266342163,
    0.4823966920375824,
    0.20389539003372192,
    0.30289605259895325,
    0.6131840944290161,
    0.8590587973594666,
    0.26553332805633545,
    0.09103420376777649,
    0.828603982925415,
    0.7132672071456909,
    0.7073465585708618,
    0.7324366569519043,
    0.6990098357200623,
    0.6974472999572754,
    0.8416785001754761,
    0.8077269792556763,
    0.8018996715545654,
    0.8634501099586487,
    0.8178203701972961,
    0.9137709140777588,
    0.9068375825881958,
    0.8537667989730835,
    0.827489972114563,
    0.873844563961029,
    0.9076784253120422,
    0.7126705646514893
  ],
  "latent_norm": [
    0.41419661045074463,
    0.5004034638404846,
    0.36870086193084717,
    0.38953518867492676,
    0.4336587190628052,
    0.5416166186332703,
    0.7123121619224548,
    0.6982623338699341,
    0.5486429333686829,
    0.5792323350906372,
    0.6358445882797241,
    0.6254511475563049,
    0.587949812412262,
    0.5444462299346924,
    0.5253607630729675,
    0.5242620706558228,
    0.5357265472412109,
    0.530241072177887,
    0.5093861818313599,
    0.4761161804199219,
    0.45802581310272217,
    0.4560135304927826,
    0.4683983623981476,
    0.4652674198150635,
    0.4490082561969757,
    0.425662636756897,
    0.41814690828323364,
    0.42224499583244324,
    0.4364323616027832,
    0.4489738345146179
  ]
}