{
  "stage2_loss": [
    1.095536708831787,
    1.1665258407592773,
    1.0308356285095215,
    1.0721607208251953,
    1.0350028276443481,
    1.0832042694091797,
    1.0208171606063843,
    1.0092159509658813,
    1.1302199363708496,
    0.9902112483978271,
    0.8078138828277588,
    0.9891762733459473,
    0.9178450107574463,
    1.0346455574035645,
    0.884566068649292
  ],
  "stage2_rmse": [
    0.2947739064693451,
    0.29768621921539307,
    0.23595675826072693,
    0.24946467578411102,
    0.28583553433418274,
    0.2768329083919525,
    0.3046635687351227,
    0.28477251529693604,
    0.30671241879463196,
    0.2879304587841034,
    0.2971128821372986,
    0.2735658884048462,
    0.24014291167259216,
    0.267894983291626,
    0.22428609430789948
  ],
  "selector_loss": [
    0.0,
    0.0,
    0.0,
    0.0,
    0.0,
    0.0,
    0.0,
    0.0,
    0.0,
    0.0,
    0.0,
    0.0,
    0.0,
    0.0,
    0.0
  ]
}