{
  "overall": {
    "encoder_acc": 0.9569580078125,
    "diffusion_acc": 0.95621337890625,
    "selector_acc": 0.95621337890625,
    "baseline_acc": 0.755126953125,
    "encoder_loss": 0.10593035136728798,
    "diffusion_loss": 0.10850038799930847,
    "selector_loss": 0.0,
    "baseline_loss": 0.5127416277071462,
    "diffusion_acc_mean_k": 0.9565460205078125,
    "diffusion_acc_best_k": 0.96324462890625,
    "prediction_disagreement": 0.0065002441137039565,
    "weight_pairwise_l2": 2.6076531942002474,
    "latent_pairwise_l2": 4.891292016766966,
    "uncertainty_error_correlation": 0.0,
    "uncertainty_mean": 0.0,
    "uncertainty_on_high_error_points": 0.0,
    "uncertainty_on_low_error_points": 0.0
  },
  "macro_average": {
    "encoder_acc": 0.958528471636517,
    "diffusion_acc": 0.9577970800318829,
    "selector_acc": 0.9577970800318829,
    "baseline_acc": 0.7596980199758254,
    "encoder_loss": 0.10212358066085868,
    "diffusion_loss": 0.10469096182011191,
    "selector_loss": 0.0,
    "baseline_loss": 0.5058648054246222,
    "diffusion_acc_mean_k": 0.95811491086242,
    "diffusion_acc_best_k": 0.9646011749629166,
    "prediction_disagreement": 0.006298910255061419,
    "weight_pairwise_l2": 2.610374404352917,
    "latent_pairwise_l2": 4.89181800105594,
    "uncertainty_error_correlation": 0.0,
    "uncertainty_mean": 0.0,
    "uncertainty_on_high_error_points": 0.0,
    "uncertainty_on_low_error_points": 0.0
  },
  "by_family": {
    "moons": {
      "encoder_acc": 1.0,
      "diffusion_acc": 0.9998972039473685,
      "selector_acc": 0.9998972039473685,
      "baseline_acc": 0.9212582236842105,
      "encoder_loss": 4.390747617322981e-05,
      "diffusion_loss": 0.0001726243188519596,
      "selector_loss": 0.0,
      "baseline_loss": 0.24839224725177414,
      "diffusion_acc_mean_k": 0.9999614514802632,
      "diffusion_acc_best_k": 1.0,
      "prediction_disagreement": 5.506931215916809e-05,
      "weight_pairwise_l2": 2.7509995855783163,
      "latent_pairwise_l2": 4.937373198960957,
      "uncertainty_error_correlation": 0.0,
      "uncertainty_mean": 0.0,
      "uncertainty_on_high_error_points": 0.0,
      "uncertainty_on_low_error_points": 0.0
    },
    "xor": {
      "encoder_acc": 0.9891083061889251,
      "diffusion_acc": 0.9883957654723127,
      "selector_acc": 0.9883957654723127,
      "baseline_acc": 0.8099552117263844,
      "encoder_loss": 0.03127421319828365,
      "diffusion_loss": 0.03612029725742732,
      "selector_loss": 0.0,
      "baseline_loss": 0.4435188825627492,
      "diffusion_acc_mean_k": 0.988274888029316,
      "diffusion_acc_best_k": 0.9915004071661238,
      "prediction_disagreement": 0.003306407037006042,
      "weight_pairwise_l2": 2.5796321024723863,
      "latent_pairwise_l2": 4.865800112000506,
      "uncertainty_error_correlation": 0.0,
      "uncertainty_mean": 0.0,
      "uncertainty_on_high_error_points": 0.0,
      "uncertainty_on_low_error_points": 0.0
    },
    "linear": {
      "encoder_acc": 0.890625,
      "diffusion_acc": 0.8886542792792793,
      "selector_acc": 0.8886542792792793,
      "baseline_acc": 0.5008915165165165,
      "encoder_loss": 0.25162847869254806,
      "diffusion_loss": 0.25704781614892835,
      "selector_loss": 0.0,
      "baseline_loss": 0.9208051730562616,
      "diffusion_acc_mean_k": 0.8895985829579579,
      "diffusion_acc_best_k": 0.9057807807807807,
      "prediction_disagreement": 0.015924965066404582,
      "weight_pairwise_l2": 2.568597721265959,
      "latent_pairwise_l2": 4.881822114234214,
      "uncertainty_error_correlation": 0.0,
      "uncertainty_mean": 0.0,
      "uncertainty_on_high_error_points": 0.0,
      "uncertainty_on_low_error_points": 0.0
    },
    "circles": {
      "encoder_acc": 0.9543805803571429,
      "diffusion_acc": 0.9542410714285714,
      "selector_acc": 0.9542410714285714,
      "baseline_acc": 0.8066871279761905,
      "encoder_loss": 0.12554772327642977,
      "diffusion_loss": 0.12542310955524,
      "selector_loss": 0.0,
      "baseline_loss": 0.41074291882770403,
      "diffusion_acc_mean_k": 0.9546247209821429,
      "diffusion_acc_best_k": 0.9611235119047619,
      "prediction_disagreement": 0.0059091996046758835,
      "weight_pairwise_l2": 2.5422682080950056,
      "latent_pairwise_l2": 4.882276579028084,
      "uncertainty_error_correlation": 0.0,
      "uncertainty_mean": 0.0,
      "uncertainty_on_high_error_points": 0.0,
      "uncertainty_on_low_error_points": 0.0
    }
  },
  "diagnostics": {
    "sample_count": 8,
    "mismatch": {
      "encoder_acc": 0.5380396935933147,
      "diffusion_acc": 0.5406075905292479,
      "num_mismatch_episodes": 359.0
    },
    "support_size_sweep": {
      "2": {
        "encoder_acc": 0.761962890625,
        "diffusion_acc_mean": 0.760223388671875
      },
      "4": {
        "encoder_acc": 0.8638916015625,
        "diffusion_acc_mean": 0.8620376586914062
      },
      "8": {
        "encoder_acc": 0.931060791015625,
        "diffusion_acc_mean": 0.9297866821289062
      },
      "16": {
        "encoder_acc": 0.9603271484375,
        "diffusion_acc_mean": 0.959716796875
      }
    }
  },
  "baseline_comparison": {
    "deterministic_encoder": {
      "acc": 0.9569580078125,
      "loss": 0.10593035136728798
    },
    "diffusion_sampler": {
      "acc": 0.95621337890625,
      "loss": 0.10850038799930847
    },
    "selector": {
      "acc": 0.95621337890625,
      "loss": 0.0
    },
    "static_baseline": {
      "acc": 0.755126953125,
      "loss": 0.5127416277071462
    }
  },
  "train_group_evals": {
    "core": {
      "families": [
        "linear",
        "xor",
        "moons",
        "circles"
      ],
      "summary": {
        "overall": {
          "encoder_acc": 0.958251953125,
          "diffusion_acc": 0.95770263671875,
          "selector_acc": 0.95770263671875,
          "baseline_acc": 0.75924072265625,
          "encoder_loss": 0.10341808418868499,
          "diffusion_loss": 0.10481567908036653,
          "selector_loss": 0.0,
          "baseline_loss": 0.5044600438443012,
          "diffusion_acc_mean_k": 0.9577301025390625,
          "diffusion_acc_best_k": 0.96470947265625,
          "prediction_disagreement": 0.0068777901389694305,
          "weight_pairwise_l2": 2.6127969910390676,
          "latent_pairwise_l2": 4.894298644550145,
          "uncertainty_error_correlation": 0.0,
          "uncertainty_mean": 0.0,
          "uncertainty_on_high_error_points": 0.0,
          "uncertainty_on_low_error_points": 0.0
        },
        "macro_average": {
          "encoder_acc": 0.9582852594989292,
          "diffusion_acc": 0.9577243050398867,
          "selector_acc": 0.9577243050398867,
          "baseline_acc": 0.7581178067721029,
          "encoder_loss": 0.10334513208181983,
          "diffusion_loss": 0.10481615966716419,
          "selector_loss": 0.0,
          "baseline_loss": 0.5066941108371459,
          "diffusion_acc_mean_k": 0.9577431064902397,
          "diffusion_acc_best_k": 0.9647547618295029,
          "prediction_disagreement": 0.006915848903430041,
          "weight_pairwise_l2": 2.6111370538945655,
          "latent_pairwise_l2": 4.893586356496762,
          "uncertainty_error_correlation": 0.0,
          "uncertainty_mean": 0.0,
          "uncertainty_on_high_error_points": 0.0,
          "uncertainty_on_low_error_points": 0.0
        },
        "by_family": {
          "xor": {
            "encoder_acc": 0.9878239966555183,
            "diffusion_acc": 0.9869878762541806,
            "selector_acc": 0.9869878762541806,
            "baseline_acc": 0.810357441471572,
            "encoder_loss": 0.0303419705325366,
            "diffusion_loss": 0.03488573061914296,
            "selector_loss": 0.0,
            "baseline_loss": 0.44259369542766175,
            "diffusion_acc_mean_k": 0.9865110263377926,
            "diffusion_acc_best_k": 0.9909594481605352,
            "prediction_disagreement": 0.004507211526002373,