{
  "overall": {
    "encoder_r2": 0.3134943975135684,
    "diffusion_r2": 0.2840054689440876,
    "selector_r2": 0.2840054689440876,
    "encoder_loss": 0.6036775353066333,
    "diffusion_loss": 0.6258577672081629,
    "selector_loss": 0.0,
    "diffusion_r2_mean_k": 0.31699736047303306,
    "diffusion_r2_best_k": 0.5053094713017344,
    "prediction_disagreement": 1.1614572444930673,
    "weight_pairwise_l2": 2.2667598840780556,
    "latent_pairwise_l2": 4.879262758418918,
    "uncertainty_error_correlation": 0.39512585181801113,
    "uncertainty_mean": 0.011347691901028157,
    "uncertainty_on_high_error_points": 0.016969994409009814,
    "uncertainty_on_low_error_points": 0.00845713032176718
  },
  "macro_average": {
    "encoder_r2": 0.30376410984031676,
    "diffusion_r2": 0.27503375971103505,
    "selector_r2": 0.27503375971103505,
    "encoder_loss": 0.5999905766706461,
    "diffusion_loss": 0.6222140198981292,
    "selector_loss": 0.0,
    "diffusion_r2_mean_k": 0.30735776728907727,
    "diffusion_r2_best_k": 0.4968728409500546,
    "prediction_disagreement": 1.1613903008145512,
    "weight_pairwise_l2": 2.266523647277832,
    "latent_pairwise_l2": 4.878281156983627,
    "uncertainty_error_correlation": 0.39574136332334664,
    "uncertainty_mean": 0.011338240994281884,
    "uncertainty_on_high_error_points": 0.0169572983908263,
    "uncertainty_on_low_error_points": 0.008455021061956922
  },
  "by_family": {
    "sine_regression": {
      "encoder_r2": 0.17713985860962228,
      "diffusion_r2": 0.1982428765378867,
      "selector_r2": 0.1982428765378867,
      "encoder_loss": 0.32268795282083895,
      "diffusion_loss": 0.32125458456703887,
      "selector_loss": 0.0,
      "diffusion_r2_mean_k": 0.18952238639093347,
      "diffusion_r2_best_k": 0.35400063926002007,
      "prediction_disagreement": 1.1594188127321066,
      "weight_pairwise_l2": 2.2594877120965124,
      "latent_pairwise_l2": 4.851476144954511,
      "uncertainty_error_correlation": 0.3985104595984675,
      "uncertainty_mean": 0.01108609560134587,
      "uncertainty_on_high_error_points": 0.01637369301810195,
      "uncertainty_on_low_error_points": 0.00841789583185899
    },
    "piecewise_regression": {
      "encoder_r2": 0.8302859555120053,
      "diffusion_r2": 0.8322998038236645,
      "selector_r2": 0.8322998038236645,
      "encoder_loss": 0.6075530961695789,
      "diffusion_loss": 0.6054716914352299,
      "selector_loss": 0.0,
      "diffusion_r2_mean_k": 0.8314891923812853,
      "diffusion_r2_best_k": 0.8624619409657907,
      "prediction_disagreement": 1.1620933297751606,
      "weight_pairwise_l2": 2.2726468929346058,
      "latent_pairwise_l2": 4.895422698449398,
      "uncertainty_error_correlation": 0.36364377757392663,
      "uncertainty_mean": 0.011548996606058832,
      "uncertainty_on_high_error_points": 0.01695141227025053,
      "uncertainty_on_low_error_points": 0.008543634559095337
    },
    "sawtooth_regression": {
      "encoder_r2": 0.5513885647245923,
      "diffusion_r2": 0.49902725107264967,
      "selector_r2": 0.49902725107264967,
      "encoder_loss": 1.2412371580655914,
      "diffusion_loss": 1.316148949766886,
      "selector_loss": 0.0,
      "diffusion_r2_mean_k": 0.5253647838795336,
      "diffusion_r2_best_k": 0.6403519796125544,
      "prediction_disagreement": 1.1609742663941294,
      "weight_pairwise_l2": 2.2740506840951786,
      "latent_pairwise_l2": 4.879208015945722,
      "uncertainty_error_correlation": 0.405876641818498,
      "uncertainty_mean": 0.01142977658694364,
      "uncertainty_on_high_error_points": 0.01746522945076602,
      "uncertainty_on_low_error_points": 0.008490419429697612
    },
    "quadratic_regression": {
      "encoder_r2": -0.34375793948495315,
      "diffusion_r2": -0.42943489259006057,
      "selector_r2": -0.42943489259006057,
      "encoder_loss": 0.22848409962657543,
      "diffusion_loss": 0.24598085382336213,
      "selector_loss": 0.0,
      "diffusion_r2_mean_k": -0.316945293495443,
      "diffusion_r2_best_k": 0.1306768039618533,
      "prediction_disagreement": 1.1630747943568083,
      "weight_pairwise_l2": 2.2599092999850314,
      "latent_pairwise_l2": 4.887017768584878,
      "uncertainty_error_correlation": 0.4149345743024945,
      "uncertainty_mean": 0.011288095182779194,
      "uncertainty_on_high_error_points": 0.017038858824186712,
      "uncertainty_on_low_error_points": 0.008368134427175749
    }
  },
  "diagnostics": {
    "sample_count": 8,
    "mismatch": {
      "encoder_r2": -10.468390960756102,
      "diffusion_r2": -9.64532621346022,
      "num_mismatch_episodes": 380.0
    },
    "support_size_sweep": {
      "2": {
        "encoder_r2": -0.7176952946465462,
        "diffusion_r2_mean": -0.6654617722524563
      },
      "4": {
        "encoder_r2": -0.2816424472257495,
        "diffusion_r2_mean": -0.2291775074409088
      },
      "8": {
        "encoder_r2": 0.3952624002704397,
        "diffusion_r2_mean": 0.3907684251171304
      },
      "16": {
        "encoder_r2": 0.3631831636885181,
        "diffusion_r2_mean": 0.36773952886869665
      }
    }
  },
  "baseline_comparison": {
    "deterministic_encoder": {
      "r2": 0.3134943975135684,
      "loss": 0.6036775353066333
    },
    "diffusion_sampler": {
      "r2": 0.2840054689440876,
      "loss": 0.6258577672081629
    },
    "selector": {
      "r2": 0.2840054689440876,
      "loss": 0.0
    }
  },
  "train_group_evals": {
    "core": {
      "families": [
        "sine_regression",
        "piecewise_regression",
        "quadratic_regression",
        "sawtooth_regression"
      ],
      "summary": {
        "overall": {
          "encoder_r2": 0.422962520737201,
          "diffusion_r2": 0.41759071173146367,
          "selector_r2": 0.41759071173146367,
          "encoder_loss": 0.6345192851949832,
          "diffusion_loss": 0.6552032819352462,
          "selector_loss": 0.0,
          "diffusion_r2_mean_k": 0.4206293981638737,
          "diffusion_r2_best_k": 0.5483294986654073,
          "prediction_disagreement": 1.1621763157658278,
          "weight_pairwise_l2": 2.2530342381447555,
          "latent_pairwise_l2": 4.858391057699919,
          "uncertainty_error_correlation": 0.3594718836247921,
          "uncertainty_mean": 0.010942171956412495,
          "uncertainty_on_high_error_points": 0.016115782549604774,
          "uncertainty_on_low_error_points": 0.007724798016715795
        },
        "macro_average": {
          "encoder_r2": 0.4154038736178731,
          "diffusion_r2": 0.4105585393956058,
          "selector_r2": 0.4105585393956058,
          "encoder_loss": 0.6194961207900724,
          "diffusion_loss": 0.6389755948569708,
          "selector_loss": 0.0,
          "diffusion_r2_mean_k": 0.41372264975990286,
          "diffusion_r2_best_k": 0.5423502332643414,
          "prediction_disagreement": 1.162189485656212,
          "weight_pairwise_l2": 2.252470482059892,
          "latent_pairwise_l2": 4.8575855061853535,
          "uncertainty_error_correlation": 0.35908178983550176,
          "uncertainty_mean": 0.010940793469316376,
          "uncertainty_on_high_error_points": 0.0161074839190904,
          "uncertainty_on_low_error_points": 0.0077234020359256
        },
        "by_family": {
          "sawtooth_regression": {
            "encoder_r2": 0.6102108646903122,
            "diffusion_r2": 0.5744016477239062,
            "selector_r2": 0.5744016477239062,
            "encoder_loss": 1.3044727824149076,
            "diffusion_loss": 1.373302407692083,
            "selector_loss": 0.0,
            "diffusion_r2_mean_k": 0.5699401519626205,
            "diffusion_r2_best_k": 0.6568796422049316,
            "prediction_disagreement": 1.1620063809623495,
            "weight_pairwise_l2": 2.2763523947425752,
            "latent_pairwise_l2": 4.885165594474614,
            "uncertainty_error_correlation": 0.3636144236253019,
            "uncertainty_mean": 0.011034754823827953,