{
  "stage2_loss": [
    1.0185885429382324,
    1.0066102743148804,
    1.1077802181243896,
    1.1988414525985718,
    1.019676685333252,
    1.065512776374817,
    1.1738862991333008,
    0.9986084699630737,
    0.9781465530395508,
    0.9203245639801025,
    0.9155949950218201,
    0.9258962273597717,
    1.015491008758545,
    0.7817343473434448,
    0.9505425691604614
  ],
  "stage2_rmse": [
    0.29799023270606995,
    0.3067883253097534,
    0.29071155190467834,
    0.3371484875679016,
    0.22531971335411072,
    0.24287103116512299,
    0.27771806716918945,
    0.2990608513355255,
    0.2637825906276703,
    0.30931052565574646,
    0.2981729507446289,
    0.27110615372657776,
    0.21819350123405457,
    0.22149653732776642,
    0.22649860382080078
  ],
  "selector_loss": [
    0.0,
    0.0,
    0.0,
    0.0,
    0.0,
    0.0,
    0.0,
    0.0,
    0.0,
    0.0,
    0.0,
    0.0,
    0.0,
    0.0,
    0.0
  ]
}