{
  "stage1_loss": [
    1.2018377780914307,
    1.1440914869308472,
    1.0547444820404053,
    1.4309536218643188,
    0.7390409708023071,
    0.8738895058631897,
    1.1086150407791138,
    0.9234561920166016,
    1.1398838758468628,
    0.8031350374221802,
    1.0753904581069946,
    1.195613980293274,
    1.081294059753418,
    1.0250513553619385,
    0.8541484475135803,
    1.1126738786697388,
    0.7361161708831787,
    1.1538753509521484,
    1.0405882596969604,
    1.1044801473617554,
    1.1410175561904907,
    1.0095075368881226,
    1.1500478982925415,
    0.8129578828811646,
    0.6113598346710205,
    1.1186888217926025,
    1.1911637783050537,
    1.1590275764465332,
    1.1296442747116089,
    1.2070485353469849
  ],
  "stage1_task_loss": [
    1.201837182044983,
    1.1440908908843994,
    1.054744005203247,
    1.430953025817871,
    0.7390404343605042,
    0.8738890886306763,
    1.1086146831512451,
    0.9234558343887329,
    1.1398835182189941,
    0.8031346797943115,
    1.075390100479126,
    1.1956136226654053,
    1.0812935829162598,
    1.0250508785247803,
    0.8541479110717773,
    1.1126734018325806,
    0.7361157536506653,
    1.1538749933242798,
    1.0405879020690918,
    1.1044797897338867,
    1.1410170793533325,
    1.0095069408416748,
    1.1500475406646729,
    0.8129574656486511,
    0.6113593578338623,
    1.1186883449554443,
    1.191163420677185,
    1.1590272188186646,
    1.1296439170837402,
    1.2070481777191162
  ],
  "stage1_r2": [
    -0.6061018109321594,
    -0.22814171016216278,
    -0.15012353658676147,
    -0.18048906326293945,
    -0.4547147750854492,
    -0.410994291305542,
    -0.3111463785171509,
    -0.15190890431404114,
    -0.21140539646148682,
    -0.8323102593421936,
    -0.18141739070415497,
    -0.16219185292720795,
    -0.15228459239006042,
    -0.3886321187019348,
    -0.2522345185279846,
    -0.21432730555534363,
    -0.44287028908729553,
    -0.18977847695350647,
    -0.2319643199443817,
    -0.07198797166347504,
    -0.14591363072395325,
    -0.36180350184440613,
    -0.1743665635585785,
    -0.08508525043725967,
    -0.09636753797531128,
    -0.22484903037548065,
    -0.13936328887939453,
    -0.16511675715446472,
    0.07139274477958679,
    -0.12232770770788193
  ],
  "latent_norm": [
    0.42069292068481445,
    0.45593929290771484,
    0.396657794713974,
    0.4158363938331604,
    0.402730256319046,
    0.3736213743686676,
    0.35722261667251587,
    0.3462983965873718,
    0.3456578850746155,
    0.34622979164123535,
    0.3238947093486786,
    0.3452988862991333,
    0.4026848375797272,
    0.38507184386253357,
    0.41029593348503113,
    0.4051308035850525,
    0.3556469678878784,
    0.32198914885520935,
    0.3352733552455902,
    0.3548196256160736,
    0.397758811712265,
    0.40350955724716187,
    0.3410825729370117,
    0.34649229049682617,
    0.3635663092136383,
    0.3538546562194824,
    0.32128122448921204,
    0.30875736474990845,
    0.3475097417831421,
    0.33011001348495483
  ]
}