{
  "overall": {
    "encoder_r2": 0.7209418896120041,
    "diffusion_r2": 0.7025383794680238,
    "selector_r2": 0.7025383794680238,
    "encoder_loss": 0.060279454678470755,
    "diffusion_loss": 0.0774149346179911,
    "selector_loss": 0.0,
    "diffusion_r2_mean_k": 0.7005048556427937,
    "diffusion_r2_best_k": 0.7815148482099176,
    "prediction_disagreement": 1.1629060422070325,
    "weight_pairwise_l2": 2.230703283380717,
    "latent_pairwise_l2": 4.861825869046152,
    "uncertainty_error_correlation": -0.12128889404702932,
    "uncertainty_mean": 0.005776868865359575,
    "uncertainty_on_high_error_points": 0.007598080590832978,
    "uncertainty_on_low_error_points": 0.004952934966422617
  },
  "macro_average": {
    "encoder_r2": 0.7154203226435433,
    "diffusion_r2": 0.6967660222127575,
    "selector_r2": 0.6967660222127575,
    "encoder_loss": 0.06078334612096873,
    "diffusion_loss": 0.07783255359037905,
    "selector_loss": 0.0,
    "diffusion_r2_mean_k": 0.6946803188729234,
    "diffusion_r2_best_k": 0.777185820889976,
    "prediction_disagreement": 1.1629249124273542,
    "weight_pairwise_l2": 2.231415937714514,
    "latent_pairwise_l2": 4.862027936852128,
    "uncertainty_error_correlation": -0.12123625825832063,
    "uncertainty_mean": 0.005774245574054384,
    "uncertainty_on_high_error_points": 0.007594939536206769,
    "uncertainty_on_low_error_points": 0.004950631063065465
  },
  "by_family": {
    "bandit_quadratic": {
      "encoder_r2": 0.4435893334270094,
      "diffusion_r2": 0.4125884342611882,
      "selector_r2": 0.4125884342611882,
      "encoder_loss": 0.08559030944394598,
      "diffusion_loss": 0.09839225684640189,
      "selector_loss": 0.0,
      "diffusion_r2_mean_k": 0.4079338932793106,
      "diffusion_r2_best_k": 0.5640644759082338,
      "prediction_disagreement": 1.1638539078893464,
      "weight_pairwise_l2": 2.2665004587629767,
      "latent_pairwise_l2": 4.8719758903771115,
      "uncertainty_error_correlation": -0.11864495789112324,
      "uncertainty_mean": 0.0056450989251834545,
      "uncertainty_on_high_error_points": 0.0074403030007626075,
      "uncertainty_on_low_error_points": 0.0048372081285595085
    },
    "bandit_linear": {
      "encoder_r2": 0.9872513118600772,
      "diffusion_r2": 0.9809436101643269,
      "selector_r2": 0.9809436101643269,
      "encoder_loss": 0.03597638279799148,
      "diffusion_loss": 0.05727285033435622,
      "selector_loss": 0.0,
      "diffusion_r2_mean_k": 0.9814267444665362,
      "diffusion_r2_best_k": 0.9903071658717181,
      "prediction_disagreement": 1.161995916965362,
      "weight_pairwise_l2": 2.1963314166660513,
      "latent_pairwise_l2": 4.852079983327144,
      "uncertainty_error_correlation": -0.123827558625518,
      "uncertainty_mean": 0.005903392222925313,
      "uncertainty_on_high_error_points": 0.007749576071650931,
      "uncertainty_on_low_error_points": 0.005064053997571422
    }
  },
  "diagnostics": {
    "sample_count": 8,
    "mismatch": {
      "encoder_r2": -23.870405542557357,
      "diffusion_r2": -22.100382043201414,
      "num_mismatch_episodes": 244.0
    },
    "support_size_sweep": {
      "2": {
        "encoder_r2": -5.0210586375324056,
        "diffusion_r2_mean": -4.397698257031152
      },
      "4": {
        "encoder_r2": -0.5942377271130681,
        "diffusion_r2_mean": -0.47873316425830126
      },
      "8": {
        "encoder_r2": 0.6974414481082931,
        "diffusion_r2_mean": 0.6821017819020199
      },
      "16": {
        "encoder_r2": 0.7416530357440934,
        "diffusion_r2_mean": 0.7266339294292266
      }
    }
  },
  "baseline_comparison": {
    "deterministic_encoder": {
      "r2": 0.7209418896120041,
      "loss": 0.060279454678470755
    },
    "diffusion_sampler": {
      "r2": 0.7025383794680238,
      "loss": 0.0774149346179911
    },
    "selector": {
      "r2": 0.7025383794680238,
      "loss": 0.0
    }
  },
  "train_group_evals": {
    "core": {
      "families": [
        "bandit_linear",
        "bandit_quadratic"
      ],
      "summary": {
        "overall": {
          "encoder_r2": 0.6547060066834092,
          "diffusion_r2": 0.6240695071872324,
          "selector_r2": 0.6240695071872324,
          "encoder_loss": 0.06001708813926143,
          "diffusion_loss": 0.07627695172213862,
          "selector_loss": 0.0,
          "diffusion_r2_mean_k": 0.6386016550881323,
          "diffusion_r2_best_k": 0.7396546679083258,
          "prediction_disagreement": 1.1625179782044142,
          "weight_pairwise_l2": 2.2344582392834127,
          "latent_pairwise_l2": 4.868065616115928,
          "uncertainty_error_correlation": -0.0730773665185552,
          "uncertainty_mean": 0.0057674496085383,
          "uncertainty_on_high_error_points": 0.008028676989488304,
          "uncertainty_on_low_error_points": 0.0045535405573900786
        },
        "macro_average": {
          "encoder_r2": 0.6505261600439036,
          "diffusion_r2": 0.6195741464718791,
          "selector_r2": 0.6195741464718791,
          "encoder_loss": 0.06030790581671657,
          "diffusion_loss": 0.07650704478822595,
          "selector_loss": 0.0,
          "diffusion_r2_mean_k": 0.6342829226681814,
          "diffusion_r2_best_k": 0.736491450632102,
          "prediction_disagreement": 1.1625095386402153,
          "weight_pairwise_l2": 2.2348303580145794,
          "latent_pairwise_l2": 4.868010987349089,
          "uncertainty_error_correlation": -0.0730160840460916,
          "uncertainty_mean": 0.005766791285358466,
          "uncertainty_on_high_error_points": 0.00802885397784882,
          "uncertainty_on_low_error_points": 0.004553118745306379
        },
        "by_family": {
          "bandit_quadratic": {
            "encoder_r2": 0.316138428883462,
            "diffusion_r2": 0.2599452892436257,
            "selector_r2": 0.2599452892436257,
            "encoder_loss": 0.0835733200131276,
            "diffusion_loss": 0.09491449007521313,
            "selector_loss": 0.0,
            "diffusion_r2_mean_k": 0.28878432907211254,
            "diffusion_r2_best_k": 0.4834340685341932,
            "prediction_disagreement": 1.1618343735043006,
            "weight_pairwise_l2": 2.264599856507929,
            "latent_pairwise_l2": 4.8636406860019585,
            "uncertainty_error_correlation": -0.06811348624900278,
            "uncertainty_mean": 0.005714125430971808,
            "uncertainty_on_high_error_points": 0.008043013046690133,
            "uncertainty_on_low_error_points": 0.004519373778610408
          },
          "bandit_linear": {
            "encoder_r2": 0.9849138912043454,
            "diffusion_r2": 0.9792030037001327,
            "selector_r2": 0.9792030037001327,
            "encoder_loss": 0.03704249162030554,
            "diffusion_loss": 0.05809959950123879,
            "selector_loss": 0.0,
            "diffusion_r2_mean_k": 0.9797815162642503,
            "diffusion_r2_best_k": 0.9895488327300107,
            "prediction_disagreement": 1.16318470377613,
            "weight_pairwise_l2": 2.20506085952123,
            "latent_pairwise_l2": 4.872381288696219,
            "uncertainty_error_correlation": -0.07791868184318042,
            "uncertainty_mean": 0.005819457139745124,
            "uncertainty_on_high_error_points": 0.008014694909007507,
            "uncertainty_on_low_error_points": 0.00458686371200235
          }
        },
        "diagnostics": {
          "sample_count": 8,
          "mismatch": {
            "encoder_r2": -35.11906064881219,
            "diffusion_r2": -31.325427573588158,
            "num_mismatch_episodes": 252.0
          },
          "support_size_sweep": {
            "2": {
              "encoder_r2": -5.848508296301588,
              "diffusion_r2_mean": -5.111034218018176
            },
            "4": {
              "encoder_r2": -0.9042920068604872,
              "diffusion_r2_mean": -0.7599221354466863
            },