{
  "stage2_loss": [
    1.0274885892868042,
    1.004931092262268,
    1.0430680513381958,
    1.0886956453323364,
    0.9530457258224487,
    1.0448153018951416,
    0.9338017702102661,
    0.9164889454841614,
    0.8688538074493408,
    1.1678904294967651
  ],
  "stage2_rmse": [
    0.2590085566043854,
    0.24104413390159607,
    0.2936268746852875,
    0.29990354180336,
    0.2800436317920685,
    0.3264288306236267,
    0.25552961230278015,
    0.231974795460701,
    0.293821781873703,
    0.305883526802063
  ],
  "selector_loss": [
    0.0,
    0.0,
    0.0,
    0.0,
    0.0,
    0.0,
    0.0,
    0.0,
    0.0,
    0.0
  ]
}