{
  "stage1_loss": [
    1.087552785873413,
    1.1928634643554688,
    1.004591941833496,
    0.986834704875946,
    1.1331793069839478,
    0.7612981200218201,
    0.5931113362312317,
    1.787118911743164,
    7.139485836029053,
    1.6409108638763428,
    1.2346537113189697,
    1.463256597518921,
    0.8883506059646606,
    0.9952396154403687,
    1.1175062656402588,
    1.0456653833389282,
    1.460906744003296,
    0.9378032684326172,
    0.6703288555145264,
    0.8427419066429138
  ],
  "stage1_task_loss": [
    1.087552547454834,
    1.192862868309021,
    1.0045907497406006,
    0.9868339896202087,
    1.1331787109375,
    0.761297345161438,
    0.5931100845336914,
    1.787117600440979,
    7.139484405517578,
    1.6409099102020264,
    1.2346528768539429,
    1.4632560014724731,
    0.8883501291275024,
    0.9952391386032104,
    1.1175057888031006,
    1.0456647872924805,
    1.4609060287475586,
    0.9378027319908142,
    0.6703282594680786,
    0.8427411317825317
  ],
  "stage1_r2": [
    -0.4330218434333801,
    -0.4621412456035614,
    -0.5910614728927612,
    -0.49753856658935547,
    -0.41343408823013306,
    -0.897983193397522,
    -0.0699099600315094,
    -5.9204206466674805,
    -9.223278999328613,
    -1.323036551475525,
    -0.905444324016571,
    -0.5438770055770874,
    -1.3541804552078247,
    -0.6002716422080994,
    -0.42683547735214233,
    -1.7958619594573975,
    -0.5570177435874939,
    -0.5491178631782532,
    -0.38283857703208923,
    0.008904438465833664
  ],
  "latent_norm": [
    0.2941441833972931,
    0.42773985862731934,
    0.6295966506004333,
    0.4733639359474182,
    0.43795764446258545,
    0.4848983585834503,
    0.6196203827857971,
    0.6170713305473328,
    0.64316725730896,
    0.5508062839508057,
    0.5129963755607605,
    0.43715158104896545,
    0.3948080539703369,
    0.38336408138275146,
    0.3928895592689514,
    0.4355086386203766,
    0.4692365229129791,
    0.41854017972946167,
    0.4215180277824402,
    0.4835582375526428
  ]
}