{
  "overall": {
    "encoder_r2": -0.3645897451788187,
    "diffusion_r2": -0.25184507109224796,
    "selector_r2": -0.25184507109224796,
    "encoder_loss": 0.7498322818428278,
    "diffusion_loss": 0.6917788041755557,
    "selector_loss": 0.0,
    "diffusion_r2_mean_k": -0.26352725527249277,
    "diffusion_r2_best_k": -0.031288981437683105,
    "prediction_disagreement": 1.1694857850670815,
    "weight_pairwise_l2": 4.288978181779385,
    "latent_pairwise_l2": 8.785357177257538,
    "uncertainty_error_correlation": 0.18382764235138893,
    "uncertainty_mean": 0.022377431392669678,
    "uncertainty_on_high_error_points": 0.025032765232026577,
    "uncertainty_on_low_error_points": 0.016606529243290424
  },
  "macro_average": {
    "encoder_r2": -0.3664596229791642,
    "diffusion_r2": -0.2476406582291164,
    "selector_r2": -0.2476406582291164,
    "encoder_loss": 0.7440816920901102,
    "diffusion_loss": 0.6826146728699168,
    "selector_loss": 0.0,
    "diffusion_r2_mean_k": -0.2537104475297152,
    "diffusion_r2_best_k": -0.008109490076700854,
    "prediction_disagreement": 1.1690339796126834,
    "weight_pairwise_l2": 4.281046673418984,
    "latent_pairwise_l2": 8.775760688478984,
    "uncertainty_error_correlation": 0.173050191785608,
    "uncertainty_mean": 0.022443033754825592,
    "uncertainty_on_high_error_points": 0.024582374752277418,
    "uncertainty_on_low_error_points": 0.016393837652036124
  },
  "by_family": {
    "quadratic_regression": {
      "encoder_r2": -0.528923511505127,
      "diffusion_r2": -0.43490256203545463,
      "selector_r2": -0.43490256203545463,
      "encoder_loss": 1.232612818479538,
      "diffusion_loss": 1.175612833764818,
      "selector_loss": 0.0,
      "diffusion_r2_mean_k": -0.482271740006076,
      "diffusion_r2_best_k": -0.33721594678031075,
      "prediction_disagreement": 1.1787270837359958,
      "weight_pairwise_l2": 4.296778466966417,
      "latent_pairwise_l2": 8.864981651306152,
      "uncertainty_error_correlation": 0.3095645656188329,
      "uncertainty_mean": 0.021612070500850677,
      "uncertainty_on_high_error_points": 0.03028732082910008,
      "uncertainty_on_low_error_points": 0.019087931141257286
    },
    "piecewise_regression": {
      "encoder_r2": -0.689433080809457,
      "diffusion_r2": -0.2830581750188555,
      "selector_r2": -0.2830581750188555,
      "encoder_loss": 1.0524472977433885,
      "diffusion_loss": 0.8579798170498439,
      "selector_loss": 0.0,
      "diffusion_r2_mean_k": -0.23528155471597398,
      "diffusion_r2_best_k": 0.38077172211238314,
      "prediction_disagreement": 1.1703808988843645,
      "weight_pairwise_l2": 4.096824611936297,
      "latent_pairwise_l2": 8.578837667192731,
      "uncertainty_error_correlation": 0.15149529065404618,
      "uncertainty_mean": 0.02257423847913742,
      "uncertainty_on_high_error_points": 0.023681593792779104,
      "uncertainty_on_low_error_points": 0.015968454469527518
    },
    "sawtooth_regression": {
      "encoder_r2": -0.17407768964767456,
      "diffusion_r2": -0.12764936023288304,
      "selector_r2": -0.12764936023288304,
      "encoder_loss": 0.34756000174416435,
      "diffusion_loss": 0.33624261286523605,
      "selector_loss": 0.0,
      "diffusion_r2_mean_k": -0.18221807893779543,
      "diffusion_r2_best_k": -0.0498748951488071,
      "prediction_disagreement": 1.1665697627597384,
      "weight_pairwise_l2": 4.392219013637966,
      "latent_pairwise_l2": 8.84008354610867,
      "uncertainty_error_correlation": 0.20897502700487772,
      "uncertainty_mean": 0.022224359214305878,
      "uncertainty_on_high_error_points": 0.02608367635144128,
      "uncertainty_on_low_error_points": 0.017102809622883797
    },
    "sine_regression": {
      "encoder_r2": -0.07340420995439802,
      "diffusion_r2": -0.14495253562927246,
      "selector_r2": -0.14495253562927246,
      "encoder_loss": 0.3437066503933498,
      "diffusion_loss": 0.3606234277997698,
      "selector_loss": 0.0,
      "diffusion_r2_mean_k": -0.11507041645901543,
      "diffusion_r2_best_k": -0.02611884049006871,
      "prediction_disagreement": 1.1604581730706351,
      "weight_pairwise_l2": 4.338364601135254,
      "latent_pairwise_l2": 8.819139889308385,
      "uncertainty_error_correlation": 0.02216588386467525,
      "uncertainty_mean": 0.023361466825008392,
      "uncertainty_on_high_error_points": 0.018276908035789217,
      "uncertainty_on_low_error_points": 0.013416155374475889
    }
  },
  "diagnostics": {
    "sample_count": 8,
    "mismatch": {
      "encoder_r2": -3.4770069029182196,
      "diffusion_r2": -2.7326513566076756,
      "num_mismatch_episodes": 192.0
    },
    "support_size_sweep": {
      "2": {
        "encoder_r2": -2.163191907806322,
        "diffusion_r2_mean": -1.5871888084511738
      },
      "4": {
        "encoder_r2": -0.90158981224522,
        "diffusion_r2_mean": -0.6580639476014767
      },
      "8": {
        "encoder_r2": -0.394378520315513,
        "diffusion_r2_mean": -0.3180865366011858
      },
      "16": {
        "encoder_r2": -0.4345724945887923,
        "diffusion_r2_mean": -0.3563896250270773
      }
    }
  },
  "baseline_comparison": {
    "deterministic_encoder": {
      "r2": -0.3645897451788187,
      "loss": 0.7498322818428278
    },
    "diffusion_sampler": {
      "r2": -0.25184507109224796,
      "loss": 0.6917788041755557
    },
    "selector": {
      "r2": -0.25184507109224796,
      "loss": 0.0
    }
  },
  "train_group_evals": {
    "core": {
      "families": [
        "sine_regression",
        "piecewise_regression",
        "quadratic_regression",
        "sawtooth_regression"
      ],
      "summary": {
        "overall": {
          "encoder_r2": -0.23390517383813858,
          "diffusion_r2": -0.18371950834989548,
          "selector_r2": -0.18371950834989548,
          "encoder_loss": 0.9326618895865977,
          "diffusion_loss": 0.9200412768404931,
          "selector_loss": 0.0,
          "diffusion_r2_mean_k": -0.22877293243072927,
          "diffusion_r2_best_k": -0.08419707603752613,
          "prediction_disagreement": 1.17101826146245,
          "weight_pairwise_l2": 4.1668616235256195,
          "latent_pairwise_l2": 8.611471503973007,
          "uncertainty_error_correlation": -0.2656257748603821,
          "uncertainty_mean": 0.019297003746032715,
          "uncertainty_on_high_error_points": 0.011992933228611946,
          "uncertainty_on_low_error_points": 0.024171977303922176
        },
        "macro_average": {
          "encoder_r2": -0.25403680297590436,
          "diffusion_r2": -0.20035996033795295,
          "selector_r2": -0.20035996033795295,
          "encoder_loss": 0.9736724035474398,
          "diffusion_loss": 0.9620694875724555,
          "selector_loss": 0.0,
          "diffusion_r2_mean_k": -0.2505645910943193,
          "diffusion_r2_best_k": -0.1003079413185044,
          "prediction_disagreement": 1.170001073134324,
          "weight_pairwise_l2": 4.166497948387312,
          "latent_pairwise_l2": 8.609158841863511,
          "uncertainty_error_correlation": -0.2652516432461285,
          "uncertainty_mean": 0.01927936396428517,
          "uncertainty_on_high_error_points": 0.012025281919964721,
          "uncertainty_on_low_error_points": 0.02419693591738386
        },
        "by_family": {
          "sawtooth_regression": {
            "encoder_r2": -0.10594364007314046,
            "diffusion_r2": -0.10152758492363824,
            "selector_r2": -0.10152758492363824,
            "encoder_loss": 0.42996037668652004,
            "diffusion_loss": 0.4294627242618137,
            "selector_loss": 0.0,
            "diffusion_r2_mean_k": -0.11356327682733536,
            "diffusion_r2_best_k": -0.029960440264807806,
            "prediction_disagreement": 1.1805854505962796,
            "weight_pairwise_l2": 4.181632333331638,
            "latent_pairwise_l2": 8.542889383104113,