{
  "overall": {
    "encoder_r2": 0.5367759514600039,
    "diffusion_r2": 0.5181032611988485,
    "selector_r2": 0.5181032611988485,
    "encoder_loss": 0.30953079822247676,
    "diffusion_loss": 0.33696637443772487,
    "selector_loss": 0.0,
    "diffusion_r2_mean_k": 0.5289591462526004,
    "diffusion_r2_best_k": 0.6281485664658248,
    "prediction_disagreement": 1.1618232497014105,
    "weight_pairwise_l2": 2.360574842337519,
    "latent_pairwise_l2": 4.890726579539478,
    "uncertainty_error_correlation": 0.30564028811641036,
    "uncertainty_mean": 0.007209841697476804,
    "uncertainty_on_high_error_points": 0.012205717316828669,
    "uncertainty_on_low_error_points": 0.00487959492020309
  },
  "macro_average": {
    "encoder_r2": 0.5380913738235953,
    "diffusion_r2": 0.5196099049786708,
    "selector_r2": 0.5196099049786708,
    "encoder_loss": 0.3141117860352341,
    "diffusion_loss": 0.3427162641581375,
    "selector_loss": 0.0,
    "diffusion_r2_mean_k": 0.5293145247872899,
    "diffusion_r2_best_k": 0.6265612882830025,
    "prediction_disagreement": 1.1618280529678948,
    "weight_pairwise_l2": 2.3587997030946335,
    "latent_pairwise_l2": 4.890344900714592,
    "uncertainty_error_correlation": 0.30541096878743446,
    "uncertainty_mean": 0.007210495300143718,
    "uncertainty_on_high_error_points": 0.012201102989455155,
    "uncertainty_on_low_error_points": 0.004880306112200474
  },
  "by_family": {
    "quadratic_regression": {
      "encoder_r2": 0.5002679142648774,
      "diffusion_r2": 0.4665079339046699,
      "selector_r2": 0.4665079339046699,
      "encoder_loss": 0.12794235911397964,
      "diffusion_loss": 0.14396490903929243,
      "selector_loss": 0.0,
      "diffusion_r2_mean_k": 0.5148848360027537,
      "diffusion_r2_best_k": 0.6695021003312458,
      "prediction_disagreement": 1.1620572488431986,
      "weight_pairwise_l2": 2.388021640350364,
      "latent_pairwise_l2": 4.888399700208895,
      "uncertainty_error_correlation": 0.3092706205667874,
      "uncertainty_mean": 0.00721971126881595,
      "uncertainty_on_high_error_points": 0.012375924757794837,
      "uncertainty_on_low_error_points": 0.004904147577364364
    },
    "piecewise_regression": {
      "encoder_r2": 0.6434893846511841,
      "diffusion_r2": 0.6262726672490437,
      "selector_r2": 0.6262726672490437,
      "encoder_loss": 0.5070164998092999,
      "diffusion_loss": 0.5922379102185369,
      "selector_loss": 0.0,
      "diffusion_r2_mean_k": 0.6241714197397232,
      "diffusion_r2_best_k": 0.6611700334151586,
      "prediction_disagreement": 1.159384592374166,
      "weight_pairwise_l2": 2.270027815500895,
      "latent_pairwise_l2": 4.884462531407674,
      "uncertainty_error_correlation": 0.3241095757049819,
      "uncertainty_mean": 0.007354063730066022,
      "uncertainty_on_high_error_points": 0.012508366263161102,
      "uncertainty_on_low_error_points": 0.004880524287000298
    },
    "sawtooth_regression": {
      "encoder_r2": 0.5377737061301274,
      "diffusion_r2": 0.5324050672018706,
      "selector_r2": 0.5324050672018706,
      "encoder_loss": 0.3889282846795534,
      "diffusion_loss": 0.39082551978028085,
      "selector_loss": 0.0,
      "diffusion_r2_mean_k": 0.532882690162801,
      "diffusion_r2_best_k": 0.6259748761333637,
      "prediction_disagreement": 1.1614259161166292,
      "weight_pairwise_l2": 2.3862307883020657,
      "latent_pairwise_l2": 4.906618669851502,
      "uncertainty_error_correlation": 0.3080061493580466,
      "uncertainty_mean": 0.007171236123166867,
      "uncertainty_on_high_error_points": 0.012128393340911437,
      "uncertainty_on_low_error_points": 0.004823886867918408
    },
    "sine_regression": {
      "encoder_r2": 0.47083449024819213,
      "diffusion_r2": 0.45325395155909864,
      "selector_r2": 0.45325395155909864,
      "encoder_loss": 0.23256000053810336,
      "diffusion_loss": 0.24383671759443987,
      "selector_loss": 0.0,
      "diffusion_r2_mean_k": 0.4453191532438814,
      "diffusion_r2_best_k": 0.549598143252242,
      "prediction_disagreement": 1.1644444545375863,
      "weight_pairwise_l2": 2.39091856822521,
      "latent_pairwise_l2": 4.881898701390295,
      "uncertainty_error_correlation": 0.28025752951992194,
      "uncertainty_mean": 0.007096970078526034,
      "uncertainty_on_high_error_points": 0.01179172759595324,
      "uncertainty_on_low_error_points": 0.004912665716518825
    }
  },
  "diagnostics": {
    "sample_count": 8,
    "mismatch": {
      "encoder_r2": -8.932663161674311,
      "diffusion_r2": -8.205599047204991,
      "num_mismatch_episodes": 386.0
    },
    "support_size_sweep": {
      "2": {
        "encoder_r2": -0.19109367078635842,
        "diffusion_r2_mean": -0.17228190471359994
      },
      "4": {
        "encoder_r2": 0.2706578604411334,
        "diffusion_r2_mean": 0.2785073219711194
      },
      "8": {
        "encoder_r2": 0.4937765080248937,
        "diffusion_r2_mean": 0.4732961042318493
      },
      "16": {
        "encoder_r2": -38.10293402185198,
        "diffusion_r2_mean": -34.66525700839702
      }
    }
  },
  "baseline_comparison": {
    "deterministic_encoder": {
      "r2": 0.5367759514600039,
      "loss": 0.30953079822247676
    },
    "diffusion_sampler": {
      "r2": 0.5181032611988485,
      "loss": 0.33696637443772487
    },
    "selector": {
      "r2": 0.5181032611988485,
      "loss": 0.0
    }
  },
  "train_group_evals": {
    "core": {
      "families": [
        "sine_regression",
        "piecewise_regression",
        "quadratic_regression",
        "sawtooth_regression"
      ],
      "summary": {
        "overall": {
          "encoder_r2": 0.551371802855283,
          "diffusion_r2": 0.5368210887070746,
          "selector_r2": 0.5368210887070746,
          "encoder_loss": 0.3245142757574285,
          "diffusion_loss": 0.3562742169633566,
          "selector_loss": 0.0,
          "diffusion_r2_mean_k": 0.533500951435417,
          "diffusion_r2_best_k": 0.6300034344661981,
          "prediction_disagreement": 1.1621168591082096,
          "weight_pairwise_l2": 2.367682977579534,
          "latent_pairwise_l2": 4.924098894558847,
          "uncertainty_error_correlation": 0.3388267708127387,
          "uncertainty_mean": 0.007504673348739744,
          "uncertainty_on_high_error_points": 0.01255606731865555,
          "uncertainty_on_low_error_points": 0.005135011608945206
        },
        "macro_average": {
          "encoder_r2": 0.5458869543957984,
          "diffusion_r2": 0.5313503834029119,
          "selector_r2": 0.5313503834029119,
          "encoder_loss": 0.32225530093819343,
          "diffusion_loss": 0.3529675097713414,
          "selector_loss": 0.0,
          "diffusion_r2_mean_k": 0.5280309219038588,
          "diffusion_r2_best_k": 0.6252659874483294,
          "prediction_disagreement": 1.1621682734214294,
          "weight_pairwise_l2": 2.368952156611429,
          "latent_pairwise_l2": 4.9239150934608755,
          "uncertainty_error_correlation": 0.338760868657711,
          "uncertainty_mean": 0.007501970940301243,
          "uncertainty_on_high_error_points": 0.012548980398109285,
          "uncertainty_on_low_error_points": 0.005134107488096052
        },
        "by_family": {
          "quadratic_regression": {
            "encoder_r2": 0.4792752074981164,
            "diffusion_r2": 0.4505550027964358,
            "selector_r2": 0.4505550027964358,
            "encoder_loss": 0.14875430978756554,
            "diffusion_loss": 0.1649600117032355,
            "selector_loss": 0.0,
            "diffusion_r2_mean_k": 0.45555274893423753,
            "diffusion_r2_best_k": 0.6036471203415693,
            "prediction_disagreement": 1.1618760570794522,
            "weight_pairwise_l2": 2.38750860219944,
            "latent_pairwise_l2": 4.8923683480588265,
            "uncertainty_error_correlation": 0.33424506115749436,
            "uncertainty_mean": 0.007488025438798937,