{
  "stage2_loss": [
    0.9950761795043945,
    0.9514176249504089,
    1.0366984605789185,
    1.0528204441070557,
    1.0301462411880493,
    0.9430896043777466,
    1.0006351470947266,
    0.9737094044685364,
    0.8603085875511169,
    0.9833356142044067,
    1.0173776149749756,
    1.0014342069625854,
    0.9568390846252441,
    0.9480382800102234,
    0.9733161926269531
  ],
  "stage2_rmse": [
    0.3133395314216614,
    0.15995116531848907,
    0.2532103359699249,
    0.26048025488853455,
    0.272455632686615,
    0.23629778623580933,
    0.29849115014076233,
    0.23698148131370544,
    0.3088161051273346,
    0.29808226227760315,
    0.3322983384132385,
    0.25685596466064453,
    0.2557778060436249,
    0.2491881400346756,
    0.28498950600624084
  ],
  "selector_loss": [
    0.0,
    0.0,
    0.0,
    0.0,
    0.0,
    0.0,
    0.0,
    0.0,
    0.0,
    0.0,
    0.0,
    0.0,
    0.0,
    0.0,
    0.0
  ]
}