{
  "stage1_loss": [
    12.436068534851074,
    8.193964958190918,
    8.793749809265137,
    11.701098442077637,
    5.054812908172607,
    6.561053276062012,
    7.542232036590576,
    6.868547439575195,
    8.223807334899902,
    5.412546634674072,
    10.106389999389648,
    8.940763473510742,
    8.15626049041748,
    8.716034889221191,
    5.429834842681885,
    10.89691162109375,
    7.108434200286865,
    8.212226867675781,
    7.317137718200684,
    7.0519280433654785,
    8.351366996765137,
    8.281129837036133,
    7.952052593231201,
    7.017647743225098,
    5.195121765136719,
    7.197902679443359,
    8.617213249206543,
    6.018998146057129,
    9.918806076049805,
    7.86137056350708
  ],
  "stage1_task_loss": [
    12.436067581176758,
    8.193964004516602,
    8.79374885559082,
    11.70109748840332,
    5.054810523986816,
    6.561050891876221,
    7.542229175567627,
    6.868545055389404,
    8.223806381225586,
    5.412545680999756,
    10.106388092041016,
    8.94076156616211,
    8.156259536743164,
    8.716032981872559,
    5.429833889007568,
    10.8969087600708,
    7.108432769775391,
    8.212224960327148,
    7.317135810852051,
    7.051926612854004,
    8.35136604309082,
    8.281128883361816,
    7.952051639556885,
    7.017646789550781,
    5.195120811462402,
    7.197901725769043,
    8.61721134185791,
    6.018996238708496,
    9.918804168701172,
    7.861368179321289
  ],
  "stage1_r2": [
    -0.7717820405960083,
    -0.5304394364356995,
    -0.3653748333454132,
    -0.3697221875190735,
    -0.2934083640575409,
    -0.5267956256866455,
    -0.3294604420661926,
    -0.26601099967956543,
    -0.19635146856307983,
    -0.10157623142004013,
    -0.8821853995323181,
    -0.6242581605911255,
    -0.21779105067253113,
    -0.16317066550254822,
    -0.02319689840078354,
    -0.9097879528999329,
    -4.958041191101074,
    -0.4156322777271271,
    -0.42647862434387207,
    -0.14520162343978882,
    -0.10742086917161942,
    -0.30037301778793335,
    -0.3042699098587036,
    -0.13655205070972443,
    -0.2265562266111374,
    -0.14814135432243347,
    -0.14693674445152283,
    -0.0486501082777977,
    -0.2221437692642212,
    -0.21116819977760315
  ],
  "latent_norm": [
    0.431234747171402,
    0.3917807638645172,
    0.45719289779663086,
    0.585237979888916,
    0.8522332906723022,
    0.8573182225227356,
    0.9002852439880371,
    0.8419087529182434,
    0.649773359298706,
    0.5997909903526306,
    0.6855831742286682,
    0.7729562520980835,
    0.6384998559951782,
    0.6920063495635986,
    0.5803095102310181,
    0.8723232746124268,
    0.6778062582015991,
    0.7824950814247131,
    0.7888007760047913,
    0.622248649597168,
    0.6096241474151611,
    0.648239016532898,
    0.5797997713088989,
    0.5329707860946655,
    0.5752456188201904,
    0.5959510803222656,
    0.677202582359314,
    0.7758781909942627,
    0.6686444282531738,
    0.7846740484237671
  ]
}