{
  "overall": {
    "encoder_r2": 0.5487746108466616,
    "diffusion_r2": 0.5630447536420363,
    "selector_r2": 0.5630447536420363,
    "encoder_loss": 7.931722648900736,
    "diffusion_loss": 7.803532350611372,
    "selector_loss": 0.0,
    "diffusion_r2_mean_k": 0.5706900822697207,
    "diffusion_r2_best_k": 0.6601599162587752,
    "prediction_disagreement": 1.164034777106001,
    "weight_pairwise_l2": 2.3468552640137763,
    "latent_pairwise_l2": 4.92638092659987,
    "uncertainty_error_correlation": 0.37384581637497133,
    "uncertainty_mean": 0.11991816873733814,
    "uncertainty_on_high_error_points": 0.21903304411814764,
    "uncertainty_on_low_error_points": 0.06190437565629299
  },
  "macro_average": {
    "encoder_r2": 0.5627412709498082,
    "diffusion_r2": 0.5759303521639209,
    "selector_r2": 0.5759303521639209,
    "encoder_loss": 7.665622509671678,
    "diffusion_loss": 7.5561308809513275,
    "selector_loss": 0.0,
    "diffusion_r2_mean_k": 0.5832519170397408,
    "diffusion_r2_best_k": 0.6703672940682935,
    "prediction_disagreement": 1.1640115055223639,
    "weight_pairwise_l2": 2.344190760287873,
    "latent_pairwise_l2": 4.924601556897291,
    "uncertainty_error_correlation": 0.37414234962403137,
    "uncertainty_mean": 0.11981766739147076,
    "uncertainty_on_high_error_points": 0.21885403754037153,
    "uncertainty_on_low_error_points": 0.06187321710104726
  },
  "by_family": {
    "bandit_quadratic": {
      "encoder_r2": 0.25694492342828334,
      "diffusion_r2": 0.2938035634742386,
      "selector_r2": 0.2938035634742386,
      "encoder_loss": 13.491815031739486,
      "diffusion_loss": 12.972920953508082,
      "selector_loss": 0.0,
      "diffusion_r2_mean_k": 0.30821385049614414,
      "diffusion_r2_best_k": 0.44687944308094596,
      "prediction_disagreement": 1.1645210307219933,
      "weight_pairwise_l2": 2.402529368181338,
      "latent_pairwise_l2": 4.963560388280057,
      "uncertainty_error_correlation": 0.36764983217092767,
      "uncertainty_mean": 0.12201811791151419,
      "uncertainty_on_high_error_points": 0.22277333945378489,
      "uncertainty_on_low_error_points": 0.06255542546853252
    },
    "bandit_linear": {
      "encoder_r2": 0.868537618471333,
      "diffusion_r2": 0.8580571408536032,
      "selector_r2": 0.8580571408536032,
      "encoder_loss": 1.8394299876038689,
      "diffusion_loss": 2.1393408083945737,
      "selector_loss": 0.0,
      "diffusion_r2_mean_k": 0.8582899835833374,
      "diffusion_r2_best_k": 0.8938551450556411,
      "prediction_disagreement": 1.1635019803227344,
      "weight_pairwise_l2": 2.2858521523944075,
      "latent_pairwise_l2": 4.885642725514525,
      "uncertainty_error_correlation": 0.380634867077135,
      "uncertainty_mean": 0.11761721687142734,
      "uncertainty_on_high_error_points": 0.21493473562695817,
      "uncertainty_on_low_error_points": 0.061191008733562015
    }
  },
  "diagnostics": {
    "sample_count": 8,
    "mismatch": {
      "encoder_r2": -3.5122523161192096,
      "diffusion_r2": -3.284980131733802,
      "num_mismatch_episodes": 248.0
    },
    "support_size_sweep": {
      "2": {
        "encoder_r2": -0.9126336725894362,
        "diffusion_r2_mean": -0.7443276165868156
      },
      "4": {
        "encoder_r2": -0.006635118508711457,
        "diffusion_r2_mean": 0.06972307883552276
      },
      "8": {
        "encoder_r2": 0.4705354470061138,
        "diffusion_r2_mean": 0.499816220079083
      },
      "16": {
        "encoder_r2": 0.5797773501835763,
        "diffusion_r2_mean": 0.6022578028787393
      }
    }
  },
  "baseline_comparison": {
    "deterministic_encoder": {
      "r2": 0.5487746108466616,
      "loss": 7.931722648900736
    },
    "diffusion_sampler": {
      "r2": 0.5630447536420363,
      "loss": 7.803532350611372
    },
    "selector": {
      "r2": 0.5630447536420363,
      "loss": 0.0
    }
  },
  "train_group_evals": {
    "core": {
      "families": [
        "bandit_linear",
        "bandit_quadratic"
      ],
      "summary": {
        "overall": {
          "encoder_r2": 0.5616147987401257,
          "diffusion_r2": 0.5827704011104428,
          "selector_r2": 0.5827704011104428,
          "encoder_loss": 7.532220453106745,
          "diffusion_loss": 7.464705035188952,
          "selector_loss": 0.0,
          "diffusion_r2_mean_k": 0.5787827898300468,
          "diffusion_r2_best_k": 0.6654558431070584,
          "prediction_disagreement": 1.1628260467774594,
          "weight_pairwise_l2": 2.327458049958715,
          "latent_pairwise_l2": 4.884516757554733,
          "uncertainty_error_correlation": 0.33754856425982255,
          "uncertainty_mean": 0.11412118891110787,
          "uncertainty_on_high_error_points": 0.20951158152176783,
          "uncertainty_on_low_error_points": 0.06117830654749504
        },
        "macro_average": {
          "encoder_r2": 0.5522581654474676,
          "diffusion_r2": 0.5745899474134982,
          "selector_r2": 0.5745899474134982,
          "encoder_loss": 7.706482974628701,
          "diffusion_loss": 7.6245979663272845,
          "selector_loss": 0.0,
          "diffusion_r2_mean_k": 0.5703566987032446,
          "diffusion_r2_best_k": 0.6585603818802719,
          "prediction_disagreement": 1.162852724550075,
          "weight_pairwise_l2": 2.328791282281668,
          "latent_pairwise_l2": 4.884554183889183,
          "uncertainty_error_correlation": 0.33739898680936964,
          "uncertainty_mean": 0.1141684073379178,
          "uncertainty_on_high_error_points": 0.2095718220278539,
          "uncertainty_on_low_error_points": 0.06122534651864166
        },
        "by_family": {
          "bandit_linear": {
            "encoder_r2": 0.8516704308125245,
            "diffusion_r2": 0.836364465715724,
            "selector_r2": 0.836364465715724,
            "encoder_loss": 2.1300822859260933,
            "diffusion_loss": 2.5080241699006174,
            "selector_loss": 0.0,
            "diffusion_r2_mean_k": 0.8399916147609134,
            "diffusion_r2_best_k": 0.879215141137441,
            "prediction_disagreement": 1.161999035826374,
            "weight_pairwise_l2": 2.2861278479471627,
            "latent_pairwise_l2": 4.88335654118678,
            "uncertainty_error_correlation": 0.34218546522386145,
            "uncertainty_mean": 0.1126574176800001,
            "uncertainty_on_high_error_points": 0.2076441258331001,
            "uncertainty_on_low_error_points": 0.059720067441949756
          },
          "bandit_quadratic": {
            "encoder_r2": 0.2528459000824107,
            "diffusion_r2": 0.31281542911127247,
            "selector_r2": 0.31281542911127247,
            "encoder_loss": 13.282883663331308,
            "diffusion_loss": 12.741171762753952,
            "selector_loss": 0.0,
            "diffusion_r2_mean_k": 0.30072178264557575,
            "diffusion_r2_best_k": 0.43790562262310284,
            "prediction_disagreement": 1.1637064132737758,
            "weight_pairwise_l2": 2.371454716616174,
            "latent_pairwise_l2": 4.885751826591586,
            "uncertainty_error_correlation": 0.3326125083948779,
            "uncertainty_mean": 0.1156793969958355,
            "uncertainty_on_high_error_points": 0.21149951822260768,
            "uncertainty_on_low_error_points": 0.06273062559533356
          }
        },
        "diagnostics": {
          "sample_count": 8,
          "mismatch": {
            "encoder_r2": -3.7012452670942735,
            "diffusion_r2": -3.416197274412428,
            "num_mismatch_episodes": 273.0
          },
          "support_size_sweep": {
            "2": {
              "encoder_r2": -0.8280370302964002,
              "diffusion_r2_mean": -0.6962938126962399
            },
            "4": {
              "encoder_r2": -0.31816202448680997,
              "diffusion_r2_mean": -0.1847843462455785
            },
            "8": {
              "encoder_r2": 0.5213602728908882,