{
  "stage1_loss": [
    2.3127143383026123,
    1.6260663270950317,
    1.6713148355484009,
    2.435007095336914,
    0.9364790916442871,
    1.6578298807144165,
    1.762965440750122,
    1.4757215976715088,
    1.7478892803192139,
    1.211654782295227,
    2.116554021835327,
    1.7517645359039307,
    1.833351969718933,
    1.9932477474212646,
    1.3855289220809937,
    5.345295429229736,
    1.6200815439224243,
    1.7346805334091187,
    1.555708885192871,
    1.4655672311782837,
    1.8011209964752197,
    1.501644253730774,
    1.561706781387329,
    1.6411945819854736,
    1.0288389921188354,
    1.5908550024032593,
    1.9636081457138062,
    1.5277856588363647,
    2.1167144775390625,
    1.9101535081863403
  ],
  "stage1_task_loss": [
    2.312714099884033,
    1.6260660886764526,
    1.6713144779205322,
    2.435006618499756,
    0.9364785552024841,
    1.6578291654586792,
    1.7629648447036743,
    1.4757211208343506,
    1.7478888034820557,
    1.2116543054580688,
    2.116553783416748,
    1.7517642974853516,
    1.8333516120910645,
    1.9932472705841064,
    1.385528564453125,
    5.34529447555542,
    1.6200810670852661,
    1.734679937362671,
    1.5557081699371338,
    1.4655667543411255,
    1.8011205196380615,
    1.5016437768936157,
    1.561706304550171,
    1.641194224357605,
    1.0288383960723877,
    1.5908544063568115,
    1.9636077880859375,
    1.527785301208496,
    2.1167142391204834,
    1.9101532697677612
  ],
  "stage1_r2": [
    -0.6724386811256409,
    -0.29188674688339233,
    -0.19025737047195435,
    -0.2296169102191925,
    -0.19133557379245758,
    -1.6193395853042603,
    -0.47080421447753906,
    -0.07266038656234741,
    -0.14181563258171082,
    -0.28213244676589966,
    -0.14168885350227356,
    -0.26771557331085205,
    -0.2837413549423218,
    -0.17197275161743164,
    -0.1209593415260315,
    -3.7064766883850098,
    -1.5434633493423462,
    -0.2955758273601532,
    -0.16488903760910034,
    -0.06571194529533386,
    -0.11808542162179947,
    -0.10714785754680634,
    -0.010952729731798172,
    -0.15948054194450378,
    -0.2499978095293045,
    -0.20415908098220825,
    -0.19767412543296814,
    -0.16448941826820374,
    -0.08651484549045563,
    -0.08468520641326904
  ],
  "latent_norm": [
    0.2846032381057739,
    0.2928203344345093,
    0.32979270815849304,
    0.4168587625026703,
    0.42277124524116516,
    0.44621092081069946,
    0.4183815121650696,
    0.3604585826396942,
    0.3970884680747986,
    0.3559020161628723,
    0.31102725863456726,
    0.29939916729927063,
    0.31556230783462524,
    0.36324790120124817,
    0.3289104402065277,
    0.5349311232566833,
    0.37792983651161194,
    0.3855483829975128,
    0.44117271900177,
    0.35173776745796204,
    0.34740784764289856,
    0.35008925199508667,
    0.34959933161735535,
    0.3077508211135864,
    0.4204583764076233,
    0.39436793327331543,
    0.3220931589603424,
    0.31719958782196045,
    0.25568586587905884,
    0.2880631685256958
  ]
}