{
  "stage2_loss": [
    1.0266368389129639,
    1.056309461593628,
    0.9679433107376099,
    1.0367169380187988,
    0.9682929515838623,
    1.0442534685134888,
    0.9093145132064819,
    1.0482319593429565,
    1.0750287771224976,
    1.0833054780960083,
    0.9987964630126953,
    0.8421344757080078,
    0.9101256132125854,
    0.8027945160865784,
    0.8552796244621277
  ],
  "stage2_rmse": [
    0.29784685373306274,
    0.3250129222869873,
    0.31621187925338745,
    0.26057252287864685,
    0.23406845331192017,
    0.22840765118598938,
    0.3085957169532776,
    0.29714882373809814,
    0.33044159412384033,
    0.32066914439201355,
    0.22200599312782288,
    0.2403758019208908,
    0.2583860754966736,
    0.22245436906814575,
    0.22833015024662018
  ],
  "selector_loss": [
    0.0,
    0.0,
    0.0,
    0.0,
    0.0,
    0.0,
    0.0,
    0.0,
    0.0,
    0.0,
    0.0,
    0.0,
    0.0,
    0.0,
    0.0
  ]
}