{
  "overall": {
    "encoder_r2": 0.7371370740700514,
    "diffusion_r2": 0.7373176900669932,
    "selector_r2": 0.7373176900669932,
    "encoder_loss": 0.4196533049038408,
    "diffusion_loss": 0.44752541356065195,
    "selector_loss": 0.0,
    "diffusion_r2_mean_k": 0.7342794194060843,
    "diffusion_r2_best_k": 0.8075430683791638,
    "prediction_disagreement": 1.161130612809211,
    "weight_pairwise_l2": 2.2206637911498546,
    "latent_pairwise_l2": 4.7568449841812255,
    "uncertainty_error_correlation": 0.31548756789416077,
    "uncertainty_mean": 0.012630603648722172,
    "uncertainty_on_high_error_points": 0.016397372563369574,
    "uncertainty_on_low_error_points": 0.010966161079704762
  },
  "macro_average": {
    "encoder_r2": 0.7352358882224682,
    "diffusion_r2": 0.7350726136771131,
    "selector_r2": 0.7350726136771131,
    "encoder_loss": 0.4164662237950626,
    "diffusion_loss": 0.44385513709575913,
    "selector_loss": 0.0,
    "diffusion_r2_mean_k": 0.7320702697826554,
    "diffusion_r2_best_k": 0.8051022498829498,
    "prediction_disagreement": 1.1611421492622316,
    "weight_pairwise_l2": 2.2206426267988126,
    "latent_pairwise_l2": 4.7569490355632595,
    "uncertainty_error_correlation": 0.3156657938582985,
    "uncertainty_mean": 0.012631340654447003,
    "uncertainty_on_high_error_points": 0.01639792374793344,
    "uncertainty_on_low_error_points": 0.010966109808036478
  },
  "by_family": {
    "piecewise_regression": {
      "encoder_r2": 0.9179993028924757,
      "diffusion_r2": 0.9149868833981337,
      "selector_r2": 0.9149868833981337,
      "encoder_loss": 0.34774955670381413,
      "diffusion_loss": 0.3620098980616626,
      "selector_loss": 0.0,
      "diffusion_r2_mean_k": 0.9152788426435106,
      "diffusion_r2_best_k": 0.931589687692708,
      "prediction_disagreement": 1.1584363047232076,
      "weight_pairwise_l2": 2.2094194616269918,
      "latent_pairwise_l2": 4.7610409229900394,
      "uncertainty_error_correlation": 0.3141261785404996,
      "uncertainty_mean": 0.01279073620512848,
      "uncertainty_on_high_error_points": 0.01676311637610664,
      "uncertainty_on_low_error_points": 0.011051443399610377
    },
    "sawtooth_regression": {
      "encoder_r2": 0.7188814095244175,
      "diffusion_r2": 0.6911407889025968,
      "selector_r2": 0.6911407889025968,
      "encoder_loss": 0.9807246531212203,
      "diffusion_loss": 1.0441853844095021,
      "selector_loss": 0.0,
      "diffusion_r2_mean_k": 0.6963296232109026,
      "diffusion_r2_best_k": 0.7502470683397316,
      "prediction_disagreement": 1.1626848164128094,
      "weight_pairwise_l2": 2.233494048801864,
      "latent_pairwise_l2": 4.756413975866829,
      "uncertainty_error_correlation": 0.3272781761067851,
      "uncertainty_mean": 0.012635815036823837,
      "uncertainty_on_high_error_points": 0.016477558137167517,
      "uncertainty_on_low_error_points": 0.011061358169039212
    },
    "quadratic_regression": {
      "encoder_r2": 0.7105364432975427,
      "diffusion_r2": 0.7462470152484837,
      "selector_r2": 0.7462470152484837,
      "encoder_loss": 0.1082165196968882,
      "diffusion_loss": 0.13052531210566634,
      "selector_loss": 0.0,
      "diffusion_r2_mean_k": 0.733490563973562,
      "diffusion_r2_best_k": 0.862228383057153,
      "prediction_disagreement": 1.1610279887469848,
      "weight_pairwise_l2": 2.2173246316055755,
      "latent_pairwise_l2": 4.751460829777504,
      "uncertainty_error_correlation": 0.30095852953729346,
      "uncertainty_mean": 0.01251174861759837,
      "uncertainty_on_high_error_points": 0.016107015826030455,
      "uncertainty_on_low_error_points": 0.010842222550800487
    },
    "sine_regression": {
      "encoder_r2": 0.5935263971754369,
      "diffusion_r2": 0.587915767159238,
      "selector_r2": 0.587915767159238,
      "encoder_loss": 0.22917416565832777,
      "diffusion_loss": 0.2386999538062053,
      "selector_loss": 0.0,
      "diffusion_r2_mean_k": 0.5831820493026468,
      "diffusion_r2_best_k": 0.6763438604422064,
      "prediction_disagreement": 1.1624194871659246,
      "weight_pairwise_l2": 2.2223323651608204,
      "latent_pairwise_l2": 4.758880413618664,
      "uncertainty_error_correlation": 0.320300291248616,
      "uncertainty_mean": 0.012587062758237323,
      "uncertainty_on_high_error_points": 0.01624400465242915,
      "uncertainty_on_low_error_points": 0.010909415112695837
    }
  },
  "diagnostics": {
    "sample_count": 8,
    "mismatch": {
      "encoder_r2": -7.206134793093748,
      "diffusion_r2": -6.598596537052213,
      "num_mismatch_episodes": 391.0
    },
    "support_size_sweep": {
      "2": {
        "encoder_r2": -1.3775182580575347,
        "diffusion_r2_mean": -1.1863484829518711
      },
      "4": {
        "encoder_r2": 0.16191326617263258,
        "diffusion_r2_mean": 0.19180368426896166
      },
      "8": {
        "encoder_r2": 0.6168588976142928,
        "diffusion_r2_mean": 0.6178104763675947
      },
      "16": {
        "encoder_r2": 0.7832378342282027,
        "diffusion_r2_mean": 0.772023262878065
      }
    }
  },
  "baseline_comparison": {
    "deterministic_encoder": {
      "r2": 0.7371370740700514,
      "loss": 0.4196533049038408
    },
    "diffusion_sampler": {
      "r2": 0.7373176900669932,
      "loss": 0.44752541356065195
    },
    "selector": {
      "r2": 0.7373176900669932,
      "loss": 0.0
    }
  },
  "train_group_evals": {
    "core": {
      "families": [
        "sine_regression",
        "piecewise_regression",
        "quadratic_regression",
        "sawtooth_regression"
      ],
      "summary": {
        "overall": {
          "encoder_r2": 0.7482725644949824,
          "diffusion_r2": 0.7444992105010897,
          "selector_r2": 0.7444992105010897,
          "encoder_loss": 0.42981576361416957,
          "diffusion_loss": 0.45191267095033255,
          "selector_loss": 0.0,
          "diffusion_r2_mean_k": 0.7420398530957755,
          "diffusion_r2_best_k": 0.8046106374356896,
          "prediction_disagreement": 1.1621853882912547,
          "weight_pairwise_l2": 2.2189629370346666,
          "latent_pairwise_l2": 4.761466926895082,
          "uncertainty_error_correlation": 0.31592830778099595,
          "uncertainty_mean": 0.012860204302705824,
          "uncertainty_on_high_error_points": 0.016981896362267435,
          "uncertainty_on_low_error_points": 0.011357021308504045
        },
        "macro_average": {
          "encoder_r2": 0.7484992164914221,
          "diffusion_r2": 0.744901934692656,
          "selector_r2": 0.744901934692656,
          "encoder_loss": 0.4256825533463508,
          "diffusion_loss": 0.4478398356718396,
          "selector_loss": 0.0,
          "diffusion_r2_mean_k": 0.7424733572052512,
          "diffusion_r2_best_k": 0.8054052761138987,
          "prediction_disagreement": 1.1621846025573426,
          "weight_pairwise_l2": 2.219041152222667,
          "latent_pairwise_l2": 4.761666936878618,
          "uncertainty_error_correlation": 0.31600679833636003,
          "uncertainty_mean": 0.012858578403013077,
          "uncertainty_on_high_error_points": 0.016978299662404196,
          "uncertainty_on_low_error_points": 0.011354956549423648
        },
        "by_family": {
          "piecewise_regression": {
            "encoder_r2": 0.921699031499716,
            "diffusion_r2": 0.9208538429553692,
            "selector_r2": 0.9208538429553692,
            "encoder_loss": 0.3446324145106169,
            "diffusion_loss": 0.3494229275446672,
            "selector_loss": 0.0,
            "diffusion_r2_mean_k": 0.9203573456177345,
            "diffusion_r2_best_k": 0.9353294603641217,
            "prediction_disagreement": 1.1641966647368212,
            "weight_pairwise_l2": 2.198084161098187,
            "latent_pairwise_l2": 4.758440495270949,
            "uncertainty_error_correlation": 0.30105502519183436,
            "uncertainty_mean": 0.01299207649838466,