{
  "stage2_loss": [
    0.8897349834442139,
    0.9200730919837952,
    1.0644824504852295,
    0.9339262247085571,
    1.0906316041946411
  ],
  "stage2_rmse": [
    0.20857208967208862,
    0.224066361784935,
    0.16691124439239502,
    0.26815229654312134,
    0.2648363709449768
  ],
  "selector_loss": [
    0.0,
    0.0,
    0.0,
    0.0,
    0.0
  ]
}