{
  "stage1_loss": [
    2.318855047225952,
    1.6220738887786865,
    2.1181039810180664,
    1.8768078088760376,
    1.8651759624481201,
    2.045173406600952,
    1.9473419189453125,
    1.4519555568695068,
    1.9435381889343262,
    2.764878988265991
  ],
  "stage1_task_loss": [
    2.318854570388794,
    1.6220734119415283,
    2.118102788925171,
    1.8768070936203003,
    1.865175485610962,
    2.045172691345215,
    1.9473410844802856,
    1.4519540071487427,
    1.9435360431671143,
    2.764876365661621
  ],
  "stage1_r2": [
    -0.1108768880367279,
    -0.28410494327545166,
    -0.622042715549469,
    -0.2025042027235031,
    -0.21016158163547516,
    -0.1827438324689865,
    -0.24303434789180756,
    -0.1501498818397522,
    -0.554378867149353,
    -0.39778298139572144
  ],
  "latent_norm": [
    0.37657350301742554,
    0.4127734303474426,
    0.6358902454376221,
    0.46938416361808777,
    0.406352698802948,
    0.46123024821281433,
    0.5047739744186401,
    0.6762760281562805,
    0.8046597242355347,
    0.8969025015830994
  ]
}