{
  "overall": {
    "encoder_r2": 0.9956612119916827,
    "diffusion_r2": 0.9909414670895785,
    "selector_r2": 0.9909414670895785,
    "baseline_r2": 0.8913010304328054,
    "encoder_loss": 0.026567702814145378,
    "diffusion_loss": 0.06296108402448226,
    "selector_loss": 0.0,
    "baseline_loss": 0.6911973742020564,
    "diffusion_r2_mean_k": 0.9913129334803671,
    "diffusion_r2_best_k": 0.9987784787081182,
    "prediction_disagreement": 1.1641444373875856,
    "weight_pairwise_l2": 2.150478302594274,
    "latent_pairwise_l2": 4.786852069571614,
    "uncertainty_error_correlation": 0.17494247057475149,
    "uncertainty_mean": 0.047737990785390136,
    "uncertainty_on_high_error_points": 0.07266455376520753,
    "uncertainty_on_low_error_points": 0.03489392530173063
  },
  "macro_average": {
    "encoder_r2": 0.9956612119916827,
    "diffusion_r2": 0.9909414670895785,
    "selector_r2": 0.9909414670895785,
    "baseline_r2": 0.8913010304328054,
    "encoder_loss": 0.026567702814145378,
    "diffusion_loss": 0.06296108402448226,
    "selector_loss": 0.0,
    "baseline_loss": 0.6911973742020564,
    "diffusion_r2_mean_k": 0.9913129334803671,
    "diffusion_r2_best_k": 0.9987784787081182,
    "prediction_disagreement": 1.1641444373875856,
    "weight_pairwise_l2": 2.150478302594274,
    "latent_pairwise_l2": 4.786852069571614,
    "uncertainty_error_correlation": 0.17494247057475149,
    "uncertainty_mean": 0.047737990785390136,
    "uncertainty_on_high_error_points": 0.07266455376520753,
    "uncertainty_on_low_error_points": 0.03489392530173063
  },
  "by_family": {
    "linear_control": {
      "encoder_r2": 0.9956612119916827,
      "diffusion_r2": 0.9909414670895785,
      "selector_r2": 0.9909414670895785,
      "baseline_r2": 0.8913010304328054,
      "encoder_loss": 0.026567702814145378,
      "diffusion_loss": 0.06296108402448226,
      "selector_loss": 0.0,
      "baseline_loss": 0.6911973742020564,
      "diffusion_r2_mean_k": 0.9913129334803671,
      "diffusion_r2_best_k": 0.9987784787081182,
      "prediction_disagreement": 1.1641444373875856,
      "weight_pairwise_l2": 2.150478302594274,
      "latent_pairwise_l2": 4.786852069571614,
      "uncertainty_error_correlation": 0.17494247057475149,
      "uncertainty_mean": 0.047737990785390136,
      "uncertainty_on_high_error_points": 0.07266455376520753,
      "uncertainty_on_low_error_points": 0.03489392530173063
    }
  },
  "diagnostics": {
    "sample_count": 8,
    "mismatch": {
      "encoder_r2": 0.0,
      "diffusion_r2": 0.0,
      "num_mismatch_episodes": 0.0
    },
    "support_size_sweep": {
      "2": {
        "encoder_r2": 0.8363566027255729,
        "diffusion_r2_mean": 0.8496699786192039
      },
      "4": {
        "encoder_r2": 0.9456953993067145,
        "diffusion_r2_mean": 0.94787491192983
      },
      "8": {
        "encoder_r2": 0.990602808422409,
        "diffusion_r2_mean": 0.9872068887198111
      },
      "16": {
        "encoder_r2": 0.9957546124933288,
        "diffusion_r2_mean": 0.9914161304477602
      }
    }
  },
  "baseline_comparison": {
    "deterministic_encoder": {
      "r2": 0.9956612119916827,
      "loss": 0.026567702814145378
    },
    "diffusion_sampler": {
      "r2": 0.9909414670895785,
      "loss": 0.06296108402448226
    },
    "selector": {
      "r2": 0.9909414670895785,
      "loss": 0.0
    },
    "static_baseline": {
      "r2": 0.8913010304328054,
      "loss": 0.6911973742020564
    }
  },
  "train_group_evals": {
    "core": {
      "families": [
        "linear_control"
      ],
      "summary": {
        "overall": {
          "encoder_r2": 0.9955664948094636,
          "diffusion_r2": 0.9915997024159878,
          "selector_r2": 0.9915997024159878,
          "baseline_r2": 0.8857649042736739,
          "encoder_loss": 0.027171925995662604,
          "diffusion_loss": 0.060807246292142736,
          "selector_loss": 0.0,
          "baseline_loss": 0.7224769128630214,
          "diffusion_r2_mean_k": 0.9915337522514165,
          "diffusion_r2_best_k": 0.998768662987277,
          "prediction_disagreement": 1.1638827319256961,
          "weight_pairwise_l2": 2.15323702218011,
          "latent_pairwise_l2": 4.793853941000998,
          "uncertainty_error_correlation": 0.20690153347386514,
          "uncertainty_mean": 0.04646327421069145,
          "uncertainty_on_high_error_points": 0.06971018463373184,
          "uncertainty_on_low_error_points": 0.03450424107722938
        },
        "macro_average": {
          "encoder_r2": 0.9955664948094636,
          "diffusion_r2": 0.9915997024159878,
          "selector_r2": 0.9915997024159878,
          "baseline_r2": 0.8857649042736739,
          "encoder_loss": 0.027171925995662604,
          "diffusion_loss": 0.060807246292142736,
          "selector_loss": 0.0,
          "baseline_loss": 0.7224769128630214,
          "diffusion_r2_mean_k": 0.9915337522514165,
          "diffusion_r2_best_k": 0.998768662987277,
          "prediction_disagreement": 1.1638827319256961,
          "weight_pairwise_l2": 2.15323702218011,
          "latent_pairwise_l2": 4.793853941000998,
          "uncertainty_error_correlation": 0.20690153347386514,
          "uncertainty_mean": 0.04646327421069145,
          "uncertainty_on_high_error_points": 0.06971018463373184,
          "uncertainty_on_low_error_points": 0.03450424107722938
        },
        "by_family": {
          "linear_control": {
            "encoder_r2": 0.9955664948094636,
            "diffusion_r2": 0.9915997024159878,
            "selector_r2": 0.9915997024159878,
            "baseline_r2": 0.8857649042736739,
            "encoder_loss": 0.027171925995662604,
            "diffusion_loss": 0.060807246292142736,
            "selector_loss": 0.0,
            "baseline_loss": 0.7224769128630214,
            "diffusion_r2_mean_k": 0.9915337522514165,
            "diffusion_r2_best_k": 0.998768662987277,
            "prediction_disagreement": 1.1638827319256961,
            "weight_pairwise_l2": 2.15323702218011,
            "latent_pairwise_l2": 4.793853941000998,
            "uncertainty_error_correlation": 0.20690153347386514,
            "uncertainty_mean": 0.04646327421069145,
            "uncertainty_on_high_error_points": 0.06971018463373184,
            "uncertainty_on_low_error_points": 0.03450424107722938
          }
        },
        "diagnostics": {
          "sample_count": 8,
          "mismatch": {
            "encoder_r2": 0.0,
            "diffusion_r2": 0.0,
            "num_mismatch_episodes": 0.0
          },
          "support_size_sweep": {
            "2": {
              "encoder_r2": 0.8195940355071798,
              "diffusion_r2_mean": 0.8369781381188659
            },
            "4": {
              "encoder_r2": 0.9497975551057607,
              "diffusion_r2_mean": 0.9511448023695266
            },
            "8": {
              "encoder_r2": 0.9924005483044311,
              "diffusion_r2_mean": 0.9889114589896053
            },
            "16": {
              "encoder_r2": 0.9951389336492866,
              "diffusion_r2_mean": 0.9911122844787315
            }
          }
        },
        "baseline_comparison": {
          "deterministic_encoder": {
            "r2": 0.9955664948094636,
            "loss": 0.027171925995662604
          },
          "diffusion_sampler": {
            "r2": 0.9915997024159878,
            "loss": 0.060807246292142736
          },
          "selector": {
            "r2": 0.9915997024159878,
            "loss": 0.0
          },
          "static_baseline": {
            "r2": 0.8857649042736739,
            "loss": 0.7224769128630214
          }
        }
      }
    }
  },