{
  "stage2_loss": [
    1.1369186639785767,
    0.9710747599601746,
    1.1928871870040894,
    1.0346369743347168,
    1.0617773532867432,
    0.9674356579780579,
    0.9753643870353699,
    1.0156376361846924,
    1.0049821138381958,
    0.885787308216095,
    1.0273973941802979,
    0.8534433245658875,
    0.9714029431343079,
    1.0041649341583252,
    0.9048811197280884
  ],
  "stage2_rmse": [
    0.32194283604621887,
    0.28692126274108887,
    0.31675052642822266,
    0.3186878263950348,
    0.26358288526535034,
    0.27458804845809937,
    0.2596580684185028,
    0.32784122228622437,
    0.27412810921669006,
    0.32910850644111633,
    0.28098243474960327,
    0.2025105208158493,
    0.24453821778297424,
    0.29769691824913025,
    0.28824204206466675
  ],
  "selector_loss": [
    0.0,
    0.0,
    0.0,
    0.0,
    0.0,
    0.0,
    0.0,
    0.0,
    0.0,
    0.0,
    0.0,
    0.0,
    0.0,
    0.0,
    0.0
  ]
}