{
  "stage1_loss": [
    0.9278846383094788,
    0.8392856121063232,
    0.9653527736663818,
    0.6577971577644348,
    1.0715702772140503,
    0.7494668364524841,
    0.9411054849624634,
    1.0204370021820068,
    1.0213993787765503,
    0.9663078784942627,
    1.1967535018920898,
    0.8658716678619385,
    0.8571628332138062,
    1.3935719728469849,
    1.1949379444122314,
    0.9269808530807495,
    0.565364420413971,
    0.9523577690124512,
    0.9294888377189636,
    0.9008479714393616,
    0.8442928791046143,
    0.9063223004341125,
    0.972117006778717,
    0.6753502488136292,
    0.8519914150238037,
    0.9616391062736511,
    0.6254309415817261,
    0.7521766424179077,
    0.7571541666984558,
    0.6504940390586853
  ],
  "stage1_task_loss": [
    0.9278842210769653,
    0.839285135269165,
    0.9653518199920654,
    0.6577965617179871,
    1.0715696811676025,
    0.7494663000106812,
    0.94110506772995,
    1.0204366445541382,
    1.0213990211486816,
    0.966307520866394,
    1.1967531442642212,
    0.8658713102340698,
    0.8571625351905823,
    1.3935717344284058,
    1.1949377059936523,
    0.9269804954528809,
    0.5653638243675232,
    0.9523570537567139,
    0.9294881820678711,
    0.9008474349975586,
    0.844292402267456,
    0.9063217639923096,
    0.9721164703369141,
    0.6753495931625366,
    0.8519906401634216,
    0.9616379737854004,
    0.6254299879074097,
    0.75217604637146,
    0.7571536898612976,
    0.650493323802948
  ],
  "stage1_r2": [
    -0.07463589310646057,
    -0.4035525918006897,
    -0.05337706208229065,
    -0.16407066583633423,
    -0.07984919846057892,
    -0.18401965498924255,
    -0.06900114566087723,
    -0.13507863879203796,
    -0.06431199610233307,
    -0.20521001517772675,
    -0.09328218549489975,
    -0.07446509599685669,
    -0.5351865887641907,
    -0.15048959851264954,
    -0.003031674772500992,
    -0.10616908967494965,
    0.015019174665212631,
    -0.07068759202957153,
    -0.07087807357311249,
    -0.25420793890953064,
    -0.10462707281112671,
    -0.09792417287826538,
    0.03797639533877373,
    0.14372138679027557,
    0.20056377351284027,
    -1.7532354593276978,
    -0.09758251160383224,
    0.20990021526813507,
    0.17744037508964539,
    0.21418160200119019
  ],
  "latent_norm": [
    0.36708372831344604,
    0.395416259765625,
    0.5466817021369934,
    0.44236910343170166,
    0.43114668130874634,
    0.4031953513622284,
    0.3751697540283203,
    0.33478546142578125,
    0.32821762561798096,
    0.33206382393836975,
    0.3323765993118286,
    0.32648932933807373,
    0.307669460773468,
    0.29396647214889526,
    0.2964596450328827,
    0.3367338180541992,
    0.4327308237552643,
    0.4672313630580902,
    0.4528219699859619,
    0.40826860070228577,
    0.39759692549705505,
    0.40225544571876526,
    0.414466917514801,
    0.4548078775405884,
    0.493005633354187,
    0.5923848152160645,
    0.5279660820960999,
    0.41288837790489197,
    0.38639575242996216,
    0.4627486765384674
  ]
}