{
  "stage2_loss": [
    1.0626052618026733,
    1.0101819038391113,
    1.0442298650741577,
    1.051098346710205,
    1.0608012676239014,
    1.0570749044418335,
    1.0206456184387207,
    1.074583649635315,
    0.8833695650100708,
    1.040505051612854,
    0.8930116891860962,
    1.0313684940338135,
    0.9480763673782349,
    0.9752326011657715,
    0.8938891887664795
  ],
  "stage2_rmse": [
    0.3239057958126068,
    0.2969397008419037,
    0.26741018891334534,
    0.2422531545162201,
    0.2853151857852936,
    0.254292756319046,
    0.26775872707366943,
    0.2995081841945648,
    0.2791272699832916,
    0.24027013778686523,
    0.2699609100818634,
    0.2695710062980652,
    0.31585928797721863,
    0.31180164217948914,
    0.23041848838329315
  ],
  "selector_loss": [
    0.0,
    0.0,
    0.0,
    0.0,
    0.0,
    0.0,
    0.0,
    0.0,
    0.0,
    0.0,
    0.0,
    0.0,
    0.0,
    0.0,
    0.0
  ]
}