{
  "stage1_loss": [
    1.220301866531372,
    1.0070098638534546,
    1.518521785736084,
    1.3521595001220703,
    1.1554679870605469,
    0.9919418692588806,
    0.6948820948600769,
    0.41598573327064514,
    0.9835304021835327,
    0.26233431696891785,
    1.0466032028198242,
    0.6847203373908997,
    0.4700424075126648,
    0.42758795619010925,
    0.3898468613624573,
    0.3123942017555237,
    0.4368310868740082,
    0.43387138843536377,
    0.35011640191078186,
    0.4131621718406677,
    0.36971399188041687,
    0.40804100036621094,
    0.34688180685043335,
    0.4474642872810364,
    0.2224334478378296,
    0.3525151014328003,
    0.26065316796302795,
    0.3140053451061249,
    0.3606835901737213,
    0.2509690225124359
  ],
  "stage1_task_loss": [
    1.2203013896942139,
    1.0070092678070068,
    1.5185213088989258,
    1.3521589040756226,
    1.1554675102233887,
    0.9919414520263672,
    0.6948814392089844,
    0.415984570980072,
    0.9835292100906372,
    0.26233339309692383,
    1.0466026067733765,
    0.6847196817398071,
    0.4700416326522827,
    0.42758703231811523,
    0.38984593749046326,
    0.3123933672904968,
    0.4368303716182709,
    0.43387073278427124,
    0.35011574625968933,
    0.4131614863872528,
    0.36971327662467957,
    0.408040314912796,
    0.3468811511993408,
    0.4474636912345886,
    0.2224329113960266,
    0.3525145649909973,
    0.260652631521225,
    0.3140048384666443,
    0.3606831133365631,
    0.2509685456752777
  ],
  "stage1_r2": [
    -0.0753733366727829,
    -0.19790223240852356,
    -0.1582849621772766,
    -0.13691993057727814,
    -0.014356359839439392,
    0.03754030540585518,
    0.270201712846756,
    0.4663991332054138,
    -0.35832512378692627,
    0.6446812152862549,
    0.41674041748046875,
    0.3606081008911133,
    0.44720223546028137,
    0.5321415066719055,
    0.40774062275886536,
    0.5693349242210388,
    0.6425814628601074,
    0.5208417177200317,
    0.6596848368644714,
    0.4113735556602478,
    0.4137975573539734,
    0.3742550015449524,
    0.5480740070343018,
    0.6809585094451904,
    0.7887774705886841,
    0.3673992156982422,
    0.5990365743637085,
    0.5413961410522461,
    0.6935865879058838,
    0.7215462327003479
  ],
  "latent_norm": [
    0.3718528151512146,
    0.4315599203109741,
    0.40596938133239746,
    0.4406856894493103,
    0.37361007928848267,
    0.37201812863349915,
    0.4586631655693054,
    0.6081461906433105,
    0.615688681602478,
    0.5395506024360657,
    0.44792282581329346,
    0.4570987820625305,
    0.49971458315849304,
    0.5407134890556335,
    0.5393702983856201,
    0.5132254362106323,
    0.4770964980125427,
    0.46206429600715637,
    0.46068859100341797,
    0.47055715322494507,
    0.4773951470851898,
    0.47175318002700806,
    0.45395830273628235,
    0.43165671825408936,
    0.4169447720050812,
    0.4127664864063263,
    0.40988022089004517,
    0.4019857347011566,
    0.38885748386383057,
    0.38481247425079346
  ]
}