{
  "overall": {
    "encoder_r2": 0.6159872449934483,
    "diffusion_r2": 0.5955272540450096,
    "selector_r2": 0.5955272540450096,
    "encoder_loss": 0.24788638096651994,
    "diffusion_loss": 0.30658490519272164,
    "selector_loss": 0.0,
    "diffusion_r2_mean_k": 0.5289230088237673,
    "diffusion_r2_best_k": 0.7840454503893852,
    "prediction_disagreement": 1.1644197516143322,
    "weight_pairwise_l2": 4.026100836694241,
    "latent_pairwise_l2": 8.634864918887615,
    "uncertainty_error_correlation": -0.17157883755862713,
    "uncertainty_mean": 0.07662174571305513,
    "uncertainty_on_high_error_points": 0.10466416925191879,
    "uncertainty_on_low_error_points": 0.06337414123117924
  },
  "macro_average": {
    "encoder_r2": 0.6058913511265058,
    "diffusion_r2": 0.5877276558214152,
    "selector_r2": 0.5877276558214152,
    "encoder_loss": 0.2520455054234156,
    "diffusion_loss": 0.308095571092482,
    "selector_loss": 0.0,
    "diffusion_r2_mean_k": 0.5182906416110978,
    "diffusion_r2_best_k": 0.778725002867735,
    "prediction_disagreement": 1.1644140337452744,
    "weight_pairwise_l2": 4.023657973793828,
    "latent_pairwise_l2": 8.631961866091657,
    "uncertainty_error_correlation": -0.172063130248094,
    "uncertainty_mean": 0.07662013575128795,
    "uncertainty_on_high_error_points": 0.10467986763980265,
    "uncertainty_on_low_error_points": 0.06337895818265885
  },
  "by_family": {
    "bandit_linear": {
      "encoder_r2": 0.9289599548686635,
      "diffusion_r2": 0.8373147989764358,
      "selector_r2": 0.8373147989764358,
      "encoder_loss": 0.11895352280275388,
      "diffusion_loss": 0.25975426230015175,
      "selector_loss": 0.0,
      "diffusion_r2_mean_k": 0.8585263924165205,
      "diffusion_r2_best_k": 0.9489793235605414,
      "prediction_disagreement": 1.164597005555124,
      "weight_pairwise_l2": 4.101829586607037,
      "latent_pairwise_l2": 8.724859555562338,
      "uncertainty_error_correlation": -0.15656576418515408,
      "uncertainty_mean": 0.07667165452783758,
      "uncertainty_on_high_error_points": 0.10417751922751918,
      "uncertainty_on_low_error_points": 0.06322481573531122
    },
    "bandit_quadratic": {
      "encoder_r2": 0.2828227473843482,
      "diffusion_r2": 0.3381405126663946,
      "selector_r2": 0.3381405126663946,
      "encoder_loss": 0.3851374880440773,
      "diffusion_loss": 0.35643687988481215,
      "selector_loss": 0.0,
      "diffusion_r2_mean_k": 0.17805489080567513,
      "diffusion_r2_best_k": 0.6084706821749287,
      "prediction_disagreement": 1.1642310619354248,
      "weight_pairwise_l2": 3.9454863609806186,
      "latent_pairwise_l2": 8.539064176620975,
      "uncertainty_error_correlation": -0.18756049631103391,
      "uncertainty_mean": 0.07656861697473834,
      "uncertainty_on_high_error_points": 0.10518221605208612,
      "uncertainty_on_low_error_points": 0.06353310063000649
    }
  },
  "diagnostics": {
    "sample_count": 8,
    "mismatch": {
      "encoder_r2": 0.446559829124506,
      "diffusion_r2": 0.4065065271612527,
      "num_mismatch_episodes": 138.0
    },
    "support_size_sweep": {
      "2": {
        "encoder_r2": 0.5734461178071797,
        "diffusion_r2_mean": 0.5406165016756859
      },
      "4": {
        "encoder_r2": 0.556029116967693,
        "diffusion_r2_mean": 0.5191604564606678
      },
      "8": {
        "encoder_r2": 0.592484574066475,
        "diffusion_r2_mean": 0.559306847397238
      },
      "16": {
        "encoder_r2": 0.5714401085861027,
        "diffusion_r2_mean": 0.5447432936052792
      }
    }
  },
  "baseline_comparison": {
    "deterministic_encoder": {
      "r2": 0.6159872449934483,
      "loss": 0.24788638096651994
    },
    "diffusion_sampler": {
      "r2": 0.5955272540450096,
      "loss": 0.30658490519272164
    },
    "selector": {
      "r2": 0.5955272540450096,
      "loss": 0.0
    }
  },
  "train_group_evals": {
    "core": {
      "families": [
        "bandit_linear",
        "bandit_quadratic"
      ],
      "summary": {
        "overall": {
          "encoder_r2": 0.4924814673140645,
          "diffusion_r2": 0.5563822584226727,
          "selector_r2": 0.5563822584226727,
          "encoder_loss": 0.2964088348671794,
          "diffusion_loss": 0.29914569068932906,
          "selector_loss": 0.0,
          "diffusion_r2_mean_k": 0.486954455380328,
          "diffusion_r2_best_k": 0.7565376982092857,
          "prediction_disagreement": 1.1635359041392803,
          "weight_pairwise_l2": 4.068399731069803,
          "latent_pairwise_l2": 8.690728530287743,
          "uncertainty_error_correlation": -0.17945632431656122,
          "uncertainty_mean": 0.05767500586807728,
          "uncertainty_on_high_error_points": 0.0805491441860795,
          "uncertainty_on_low_error_points": 0.04004595708101988
        },
        "macro_average": {
          "encoder_r2": 0.5716262348187275,
          "diffusion_r2": 0.6148929296090053,
          "selector_r2": 0.6148929296090053,
          "encoder_loss": 0.2662050907122783,
          "diffusion_loss": 0.2861365018039942,
          "selector_loss": 0.0,
          "diffusion_r2_mean_k": 0.5551218631978219,
          "diffusion_r2_best_k": 0.7911211600670448,
          "prediction_disagreement": 1.163620928984422,
          "weight_pairwise_l2": 4.070626387351599,
          "latent_pairwise_l2": 8.69491839726766,
          "uncertainty_error_correlation": -0.18994602095622282,
          "uncertainty_mean": 0.05719550614937757,
          "uncertainty_on_high_error_points": 0.07914345304553325,
          "uncertainty_on_low_error_points": 0.03972935736561432
        },
        "by_family": {
          "bandit_quadratic": {
            "encoder_r2": 0.20982158336883935,
            "diffusion_r2": 0.34741557561434233,
            "selector_r2": 0.34741557561434233,
            "encoder_loss": 0.4042793497061118,
            "diffusion_loss": 0.34560707956552505,
            "selector_loss": 0.0,
            "diffusion_r2_mean_k": 0.24349942746070716,
            "diffusion_r2_best_k": 0.6330253344315749,
            "prediction_disagreement": 1.1632322439780602,
            "weight_pairwise_l2": 4.060447387206248,
            "latent_pairwise_l2": 8.675764719645182,
            "uncertainty_error_correlation": -0.1419931220320555,
            "uncertainty_mean": 0.059387504863433346,
            "uncertainty_on_high_error_points": 0.08556946968803039,
            "uncertainty_on_low_error_points": 0.04117667035032541
          },
          "bandit_linear": {
            "encoder_r2": 0.9334308862686157,
            "diffusion_r2": 0.8823702836036682,
            "selector_r2": 0.8823702836036682,
            "encoder_loss": 0.12813083171844483,
            "diffusion_loss": 0.2266659240424633,
            "selector_loss": 0.0,
            "diffusion_r2_mean_k": 0.8667442989349365,
            "diffusion_r2_best_k": 0.9492169857025147,
            "prediction_disagreement": 1.1640096139907836,
            "weight_pairwise_l2": 4.080805387496948,
            "latent_pairwise_l2": 8.714072074890137,
            "uncertainty_error_correlation": -0.23789891988039016,
            "uncertainty_mean": 0.055003507435321806,
            "uncertainty_on_high_error_points": 0.07271743640303611,
            "uncertainty_on_low_error_points": 0.03828204438090324
          }
        },
        "diagnostics": {
          "sample_count": 8,
          "mismatch": {
            "encoder_r2": 0.4461297020316124,
            "diffusion_r2": 0.43727012258023024,
            "num_mismatch_episodes": 128.0
          },
          "support_size_sweep": {
            "2": {
              "encoder_r2": 0.5751503023784608,
              "diffusion_r2_mean": 0.5435943509510253
            },
            "4": {
              "encoder_r2": 0.601512037916109,
              "diffusion_r2_mean": 0.5684645273140632
            },
            "8": {
              "encoder_r2": 0.6283889443147928,